ISO-10303-21;
HEADER;
/* Generated by software containing ST-Developer
 * from STEP Tools, Inc. (www.steptools.com) 
 */

FILE_DESCRIPTION(
/* description */ (''),
/* implementation_level */ '2;1');

FILE_NAME(
/* name */ 'counterweight-enclosure-steel_v1.1.otl-export-tmp.step',
/* time_stamp */ '2026-09-23T11:19:06-05:00',
/* author */ (''),
/* organization */ (''),
/* preprocessor_version */ 'ST-DEVELOPER v20.2',
/* originating_system */ 'Autodesk Translation Framework v15.15.0.0',
/* authorisation */ '');

FILE_SCHEMA (('AUTOMOTIVE_DESIGN { 1 0 10303 214 3 1 1 }'));
ENDSEC;

DATA;
#10=MECHANICAL_DESIGN_GEOMETRIC_PRESENTATION_REPRESENTATION('',(#13),#5296);
#11=SHAPE_REPRESENTATION_RELATIONSHIP('SRR','None',#5303,#12);
#12=ADVANCED_BREP_SHAPE_REPRESENTATION('',(#14),#5295);
#13=STYLED_ITEM('',(#5312),#14);
#14=MANIFOLD_SOLID_BREP('Body1',#3092);
#15=SPHERICAL_SURFACE('',#3144,3.);
#16=SPHERICAL_SURFACE('',#3148,3.00000000000001);
#17=SPHERICAL_SURFACE('',#3152,3.00000000000001);
#18=SPHERICAL_SURFACE('',#3157,3.);
#19=SPHERICAL_SURFACE('',#3161,3.);
#20=SPHERICAL_SURFACE('',#3166,3.);
#21=B_SPLINE_CURVE_WITH_KNOTS('',3,(#4403,#4404,#4405,#4406,#4407,#4408,
#4409,#4410,#4411,#4412,#4413,#4414,#4415,#4416),.UNSPECIFIED.,.F.,.F.,
(4,2,2,2,2,2,4),(0.859489967054118,0.964350928529349,1.0754893550101,1.29776620797159,
1.52004306093308,1.63118148741383,1.73604244888906),.UNSPECIFIED.);
#22=B_SPLINE_CURVE_WITH_KNOTS('',3,(#4444,#4445,#4446,#4447,#4448,#4449,
#4450,#4451,#4452,#4453,#4454,#4455,#4456,#4457),.UNSPECIFIED.,.F.,.F.,
(4,2,2,2,2,2,4),(0.859489967054119,0.964350928529351,1.0754893550101,1.29776620797159,
1.52004306093308,1.63118148741383,1.73604244888906),.UNSPECIFIED.);
#23=B_SPLINE_CURVE_WITH_KNOTS('',3,(#4521,#4522,#4523,#4524,#4525,#4526,
#4527,#4528),.UNSPECIFIED.,.F.,.F.,(4,2,2,4),(0.859489967054119,0.964350928529351,
1.0754893550101,1.29776620797159),.UNSPECIFIED.);
#24=B_SPLINE_CURVE_WITH_KNOTS('',3,(#4534,#4535,#4536,#4537,#4538,#4539,
#4540,#4541),.UNSPECIFIED.,.F.,.F.,(4,2,2,4),(1.29776620797159,1.52004306093308,
1.63118148741383,1.73604244888906),.UNSPECIFIED.);
#25=B_SPLINE_CURVE_WITH_KNOTS('',3,(#4543,#4544,#4545,#4546,#4547,#4548,
#4549,#4550),.UNSPECIFIED.,.F.,.F.,(4,2,2,4),(0.859489967054119,0.964350928529351,
1.0754893550101,1.29776620797159),.UNSPECIFIED.);
#26=B_SPLINE_CURVE_WITH_KNOTS('',3,(#4553,#4554,#4555,#4556,#4557,#4558,
#4559,#4560),.UNSPECIFIED.,.F.,.F.,(4,2,2,4),(1.29776620797159,1.52004306093308,
1.63118148741383,1.73604244888906),.UNSPECIFIED.);
#27=B_SPLINE_CURVE_WITH_KNOTS('',3,(#4580,#4581,#4582,#4583,#4584,#4585,
#4586,#4587,#4588,#4589,#4590,#4591,#4592,#4593),.UNSPECIFIED.,.F.,.F.,
(4,2,2,2,2,2,4),(0.859489967054119,0.964350928529351,1.0754893550101,1.29776620797159,
1.52004306093308,1.63118148741383,1.73604244888906),.UNSPECIFIED.);
#28=B_SPLINE_CURVE_WITH_KNOTS('',3,(#4599,#4600,#4601,#4602,#4603,#4604,
#4605,#4606,#4607,#4608,#4609,#4610,#4611,#4612),.UNSPECIFIED.,.F.,.F.,
(4,2,2,2,2,2,4),(0.859489967054118,0.96435092852935,1.0754893550101,1.29776620797159,
1.52004306093308,1.63118148741383,1.73604244888906),.UNSPECIFIED.);
#29=B_SPLINE_CURVE_WITH_KNOTS('',3,(#4648,#4649,#4650,#4651,#4652,#4653,
#4654,#4655),.UNSPECIFIED.,.F.,.F.,(4,2,2,4),(0.85948996705412,0.964350928529351,
1.0754893550101,1.29776620797159),.UNSPECIFIED.);
#30=B_SPLINE_CURVE_WITH_KNOTS('',3,(#4663,#4664,#4665,#4666,#4667,#4668,
#4669,#4670),.UNSPECIFIED.,.F.,.F.,(4,2,2,4),(1.29776620797159,1.52004306093308,
1.63118148741383,1.73604244888906),.UNSPECIFIED.);
#31=B_SPLINE_CURVE_WITH_KNOTS('',3,(#4692,#4693,#4694,#4695,#4696,#4697,
#4698,#4699),.UNSPECIFIED.,.F.,.F.,(4,2,2,4),(0.859489967054118,0.96435092852935,
1.0754893550101,1.29776620797159),.UNSPECIFIED.);
#32=B_SPLINE_CURVE_WITH_KNOTS('',3,(#4707,#4708,#4709,#4710,#4711,#4712,
#4713,#4714),.UNSPECIFIED.,.F.,.F.,(4,2,2,4),(1.29776620797159,1.52004306093308,
1.63118148741383,1.73604244888906),.UNSPECIFIED.);
#33=ELLIPSE('',#3129,3.08103221094348,3.);
#34=ELLIPSE('',#3131,3.08103221094348,3.);
#35=ELLIPSE('',#3133,3.24717660087718,3.);
#36=ELLIPSE('',#3135,3.24717660087706,3.);
#37=ELLIPSE('',#3137,3.01741031448825,3.);
#38=ELLIPSE('',#3139,3.01741031448823,3.);
#39=ELLIPSE('',#3141,3.24717660087717,3.);
#40=ELLIPSE('',#3143,3.24717660087717,3.);
#41=ELLIPSE('',#3173,3.24717660087718,3.);
#42=ELLIPSE('',#3178,3.24717660087718,3.);
#43=ELLIPSE('',#3180,3.24717660087717,3.);
#44=ELLIPSE('',#3185,3.24717660087718,3.);
#45=ELLIPSE('',#3188,3.01741031448823,3.);
#46=ELLIPSE('',#3190,3.01741031448826,3.);
#47=ELLIPSE('',#3192,3.24717660087706,3.);
#48=ELLIPSE('',#3194,3.24717660087718,3.);
#49=ELLIPSE('',#3196,3.08103221094348,3.);
#50=ELLIPSE('',#3198,3.08103221094348,3.);
#51=CYLINDRICAL_SURFACE('',#3128,3.);
#52=CYLINDRICAL_SURFACE('',#3130,3.);
#53=CYLINDRICAL_SURFACE('',#3132,3.);
#54=CYLINDRICAL_SURFACE('',#3134,3.);
#55=CYLINDRICAL_SURFACE('',#3136,3.);
#56=CYLINDRICAL_SURFACE('',#3138,3.);
#57=CYLINDRICAL_SURFACE('',#3140,3.);
#58=CYLINDRICAL_SURFACE('',#3142,3.);
#59=CYLINDRICAL_SURFACE('',#3156,3.);
#60=CYLINDRICAL_SURFACE('',#3165,3.);
#61=CYLINDRICAL_SURFACE('',#3170,3.);
#62=CYLINDRICAL_SURFACE('',#3171,3.);
#63=CYLINDRICAL_SURFACE('',#3172,3.);
#64=CYLINDRICAL_SURFACE('',#3174,3.);
#65=CYLINDRICAL_SURFACE('',#3175,3.);
#66=CYLINDRICAL_SURFACE('',#3176,3.);
#67=CYLINDRICAL_SURFACE('',#3177,3.);
#68=CYLINDRICAL_SURFACE('',#3179,3.);
#69=CYLINDRICAL_SURFACE('',#3181,3.);
#70=CYLINDRICAL_SURFACE('',#3182,3.);
#71=CYLINDRICAL_SURFACE('',#3184,3.);
#72=CYLINDRICAL_SURFACE('',#3186,3.);
#73=CYLINDRICAL_SURFACE('',#3187,3.);
#74=CYLINDRICAL_SURFACE('',#3189,3.);
#75=CYLINDRICAL_SURFACE('',#3191,3.);
#76=CYLINDRICAL_SURFACE('',#3193,3.);
#77=CYLINDRICAL_SURFACE('',#3195,3.);
#78=CYLINDRICAL_SURFACE('',#3197,3.);
#79=CYLINDRICAL_SURFACE('',#3199,3.);
#80=CYLINDRICAL_SURFACE('',#3228,2.15);
#81=CYLINDRICAL_SURFACE('',#3239,1.1);
#82=CYLINDRICAL_SURFACE('',#3240,1.1);
#83=CYLINDRICAL_SURFACE('',#3265,1.55);
#84=CYLINDRICAL_SURFACE('',#3267,1.55);
#85=CYLINDRICAL_SURFACE('',#3276,2.15);
#86=CYLINDRICAL_SURFACE('',#3279,2.15);
#87=CYLINDRICAL_SURFACE('',#3281,2.15);
#88=CYLINDRICAL_SURFACE('',#3284,4.);
#89=CYLINDRICAL_SURFACE('',#3287,4.);
#90=CYLINDRICAL_SURFACE('',#3305,1.1);
#91=CYLINDRICAL_SURFACE('',#3307,1.1);
#92=CYLINDRICAL_SURFACE('',#3309,1.1);
#93=CYLINDRICAL_SURFACE('',#3312,1.1);
#94=CYLINDRICAL_SURFACE('',#3327,0.75);
#95=CYLINDRICAL_SURFACE('',#3329,0.75);
#96=CYLINDRICAL_SURFACE('',#3331,0.75);
#97=CYLINDRICAL_SURFACE('',#3333,0.75);
#98=CYLINDRICAL_SURFACE('',#3345,2.1);
#99=CYLINDRICAL_SURFACE('',#3347,2.1);
#100=CYLINDRICAL_SURFACE('',#3349,2.1);
#101=CYLINDRICAL_SURFACE('',#3351,2.1);
#102=CYLINDRICAL_SURFACE('',#3356,2.5);
#103=CYLINDRICAL_SURFACE('',#3361,2.5);
#104=CYLINDRICAL_SURFACE('',#3375,1.55);
#105=CYLINDRICAL_SURFACE('',#3377,1.55);
#106=CYLINDRICAL_SURFACE('',#3385,3.);
#107=CYLINDRICAL_SURFACE('',#3388,3.);
#108=CYLINDRICAL_SURFACE('',#3390,3.);
#109=CYLINDRICAL_SURFACE('',#3393,3.);
#110=FACE_BOUND('',#421,.T.);
#111=FACE_BOUND('',#479,.T.);
#112=FACE_BOUND('',#485,.T.);
#113=FACE_BOUND('',#499,.T.);
#114=FACE_BOUND('',#501,.T.);
#115=FACE_BOUND('',#507,.T.);
#116=FACE_BOUND('',#509,.T.);
#117=FACE_BOUND('',#532,.T.);
#118=FACE_BOUND('',#534,.T.);
#119=FACE_BOUND('',#540,.T.);
#120=FACE_BOUND('',#542,.T.);
#121=FACE_BOUND('',#564,.T.);
#122=FACE_BOUND('',#568,.T.);
#123=FACE_BOUND('',#578,.T.);
#124=FACE_BOUND('',#581,.T.);
#125=FACE_BOUND('',#585,.T.);
#126=FACE_BOUND('',#586,.T.);
#127=FACE_BOUND('',#587,.T.);
#128=FACE_BOUND('',#597,.T.);
#129=FACE_BOUND('',#601,.T.);
#130=FACE_BOUND('',#607,.T.);
#131=(
BOUNDED_CURVE()
B_SPLINE_CURVE(2,(#4337,#4338,#4339),.UNSPECIFIED.,.F.,.F.)
B_SPLINE_CURVE_WITH_KNOTS((3,3),(0.155551701596378,0.343924807584495),
 .UNSPECIFIED.)
CURVE()
GEOMETRIC_REPRESENTATION_ITEM()
RATIONAL_B_SPLINE_CURVE((1.4724409448819,1.73210595052012,1.92783505154642))
REPRESENTATION_ITEM('')
);
#132=(
BOUNDED_CURVE()
B_SPLINE_CURVE(2,(#4354,#4355,#4356),.UNSPECIFIED.,.F.,.F.)
B_SPLINE_CURVE_WITH_KNOTS((3,3),(1.49727045636769,1.68564356234149),
 .UNSPECIFIED.)
CURVE()
GEOMETRIC_REPRESENTATION_ITEM()
RATIONAL_B_SPLINE_CURVE((1.92783505154639,1.73210595053498,1.47244094492138))
REPRESENTATION_ITEM('')
);
#133=CONICAL_SURFACE('',#3114,3.75,0.785398163397447);
#134=CONICAL_SURFACE('',#3118,3.75,0.785398163397448);
#135=CONICAL_SURFACE('',#3200,5.,0.785398163397448);
#136=CONICAL_SURFACE('',#3210,5.,0.785398163397447);
#137=CONICAL_SURFACE('',#3219,5.,0.785398163397449);
#138=CONICAL_SURFACE('',#3285,5.,0.785398163397448);
#139=CIRCLE('',#3108,2.15);
#140=CIRCLE('',#3109,2.15);
#141=CIRCLE('',#3112,3.);
#142=CIRCLE('',#3113,3.);
#143=CIRCLE('',#3115,4.5);
#144=CIRCLE('',#3116,3.);
#145=CIRCLE('',#3119,3.);
#146=CIRCLE('',#3120,4.5);
#147=CIRCLE('',#3122,2.15);
#148=CIRCLE('',#3123,2.15);
#149=CIRCLE('',#3124,1.1);
#150=CIRCLE('',#3127,3.);
#151=CIRCLE('',#3145,3.00000000000001);
#152=CIRCLE('',#3146,3.);
#153=CIRCLE('',#3147,3.);
#154=CIRCLE('',#3149,3.);
#155=CIRCLE('',#3150,3.00000000000001);
#156=CIRCLE('',#3151,3.);
#157=CIRCLE('',#3153,3.);
#158=CIRCLE('',#3154,3.00000000000001);
#159=CIRCLE('',#3155,3.);
#160=CIRCLE('',#3158,3.);
#161=CIRCLE('',#3159,3.);
#162=CIRCLE('',#3160,3.);
#163=CIRCLE('',#3162,3.00000000000001);
#164=CIRCLE('',#3163,3.);
#165=CIRCLE('',#3164,3.);
#166=CIRCLE('',#3167,3.);
#167=CIRCLE('',#3168,3.);
#168=CIRCLE('',#3169,2.99999999999999);
#169=CIRCLE('',#3183,3.);
#170=CIRCLE('',#3201,4.);
#171=CIRCLE('',#3202,6.);
#172=CIRCLE('',#3203,6.);
#173=CIRCLE('',#3206,6.);
#174=CIRCLE('',#3211,6.);
#175=CIRCLE('',#3212,4.);
#176=CIRCLE('',#3213,6.);
#177=CIRCLE('',#3220,6.);
#178=CIRCLE('',#3221,4.);
#179=CIRCLE('',#3222,6.);
#180=CIRCLE('',#3229,2.15);
#181=CIRCLE('',#3230,2.15);
#182=CIRCLE('',#3232,1.1);
#183=CIRCLE('',#3238,1.1);
#184=CIRCLE('',#3241,1.1);
#185=CIRCLE('',#3246,2.15);
#186=CIRCLE('',#3254,1.55);
#187=CIRCLE('',#3256,1.55);
#188=CIRCLE('',#3262,1.55);
#189=CIRCLE('',#3264,1.55);
#190=CIRCLE('',#3266,1.55);
#191=CIRCLE('',#3268,1.55);
#192=CIRCLE('',#3274,6.);
#193=CIRCLE('',#3277,2.15);
#194=CIRCLE('',#3280,2.15);
#195=CIRCLE('',#3282,2.15);
#196=CIRCLE('',#3286,4.);
#197=CIRCLE('',#3294,1.1);
#198=CIRCLE('',#3296,1.1);
#199=CIRCLE('',#3302,1.1);
#200=CIRCLE('',#3304,1.1);
#201=CIRCLE('',#3306,1.1);
#202=CIRCLE('',#3308,1.1);
#203=CIRCLE('',#3310,1.1);
#204=CIRCLE('',#3313,1.1);
#205=CIRCLE('',#3316,0.75);
#206=CIRCLE('',#3317,0.75);
#207=CIRCLE('',#3318,0.75);
#208=CIRCLE('',#3319,0.75);
#209=CIRCLE('',#3321,0.75);
#210=CIRCLE('',#3322,0.75);
#211=CIRCLE('',#3323,0.75);
#212=CIRCLE('',#3324,0.75);
#213=CIRCLE('',#3338,2.1);
#214=CIRCLE('',#3339,2.1);
#215=CIRCLE('',#3343,2.1);
#216=CIRCLE('',#3344,2.1);
#217=CIRCLE('',#3346,2.1);
#218=CIRCLE('',#3348,2.1);
#219=CIRCLE('',#3350,2.1);
#220=CIRCLE('',#3352,2.1);
#221=CIRCLE('',#3357,2.5);
#222=CIRCLE('',#3358,2.5);
#223=CIRCLE('',#3360,1.55);
#224=CIRCLE('',#3362,2.5);
#225=CIRCLE('',#3363,2.5);
#226=CIRCLE('',#3365,1.55);
#227=CIRCLE('',#3369,3.);
#228=CIRCLE('',#3370,3.);
#229=CIRCLE('',#3371,3.);
#230=CIRCLE('',#3372,3.);
#231=CIRCLE('',#3386,3.);
#232=CIRCLE('',#3389,3.);
#233=CIRCLE('',#3391,3.);
#234=CIRCLE('',#3394,3.);
#235=FACE_OUTER_BOUND('',#413,.T.);
#236=FACE_OUTER_BOUND('',#414,.T.);
#237=FACE_OUTER_BOUND('',#415,.T.);
#238=FACE_OUTER_BOUND('',#416,.T.);
#239=FACE_OUTER_BOUND('',#417,.T.);
#240=FACE_OUTER_BOUND('',#418,.T.);
#241=FACE_OUTER_BOUND('',#419,.T.);
#242=FACE_OUTER_BOUND('',#420,.T.);
#243=FACE_OUTER_BOUND('',#422,.T.);
#244=FACE_OUTER_BOUND('',#423,.T.);
#245=FACE_OUTER_BOUND('',#424,.T.);
#246=FACE_OUTER_BOUND('',#425,.T.);
#247=FACE_OUTER_BOUND('',#426,.T.);
#248=FACE_OUTER_BOUND('',#427,.T.);
#249=FACE_OUTER_BOUND('',#428,.T.);
#250=FACE_OUTER_BOUND('',#429,.T.);
#251=FACE_OUTER_BOUND('',#430,.T.);
#252=FACE_OUTER_BOUND('',#431,.T.);
#253=FACE_OUTER_BOUND('',#432,.T.);
#254=FACE_OUTER_BOUND('',#433,.T.);
#255=FACE_OUTER_BOUND('',#434,.T.);
#256=FACE_OUTER_BOUND('',#435,.T.);
#257=FACE_OUTER_BOUND('',#436,.T.);
#258=FACE_OUTER_BOUND('',#437,.T.);
#259=FACE_OUTER_BOUND('',#438,.T.);
#260=FACE_OUTER_BOUND('',#439,.T.);
#261=FACE_OUTER_BOUND('',#440,.T.);
#262=FACE_OUTER_BOUND('',#441,.T.);
#263=FACE_OUTER_BOUND('',#442,.T.);
#264=FACE_OUTER_BOUND('',#443,.T.);
#265=FACE_OUTER_BOUND('',#444,.T.);
#266=FACE_OUTER_BOUND('',#445,.T.);
#267=FACE_OUTER_BOUND('',#446,.T.);
#268=FACE_OUTER_BOUND('',#447,.T.);
#269=FACE_OUTER_BOUND('',#448,.T.);
#270=FACE_OUTER_BOUND('',#449,.T.);
#271=FACE_OUTER_BOUND('',#450,.T.);
#272=FACE_OUTER_BOUND('',#451,.T.);
#273=FACE_OUTER_BOUND('',#452,.T.);
#274=FACE_OUTER_BOUND('',#453,.T.);
#275=FACE_OUTER_BOUND('',#454,.T.);
#276=FACE_OUTER_BOUND('',#455,.T.);
#277=FACE_OUTER_BOUND('',#456,.T.);
#278=FACE_OUTER_BOUND('',#457,.T.);
#279=FACE_OUTER_BOUND('',#458,.T.);
#280=FACE_OUTER_BOUND('',#459,.T.);
#281=FACE_OUTER_BOUND('',#460,.T.);
#282=FACE_OUTER_BOUND('',#461,.T.);
#283=FACE_OUTER_BOUND('',#462,.T.);
#284=FACE_OUTER_BOUND('',#463,.T.);
#285=FACE_OUTER_BOUND('',#464,.T.);
#286=FACE_OUTER_BOUND('',#465,.T.);
#287=FACE_OUTER_BOUND('',#466,.T.);
#288=FACE_OUTER_BOUND('',#467,.T.);
#289=FACE_OUTER_BOUND('',#468,.T.);
#290=FACE_OUTER_BOUND('',#469,.T.);
#291=FACE_OUTER_BOUND('',#470,.T.);
#292=FACE_OUTER_BOUND('',#471,.T.);
#293=FACE_OUTER_BOUND('',#472,.T.);
#294=FACE_OUTER_BOUND('',#473,.T.);
#295=FACE_OUTER_BOUND('',#474,.T.);
#296=FACE_OUTER_BOUND('',#475,.T.);
#297=FACE_OUTER_BOUND('',#476,.T.);
#298=FACE_OUTER_BOUND('',#477,.T.);
#299=FACE_OUTER_BOUND('',#478,.T.);
#300=FACE_OUTER_BOUND('',#480,.T.);
#301=FACE_OUTER_BOUND('',#481,.T.);
#302=FACE_OUTER_BOUND('',#482,.T.);
#303=FACE_OUTER_BOUND('',#483,.T.);
#304=FACE_OUTER_BOUND('',#484,.T.);
#305=FACE_OUTER_BOUND('',#486,.T.);
#306=FACE_OUTER_BOUND('',#487,.T.);
#307=FACE_OUTER_BOUND('',#488,.T.);
#308=FACE_OUTER_BOUND('',#489,.T.);
#309=FACE_OUTER_BOUND('',#490,.T.);
#310=FACE_OUTER_BOUND('',#491,.T.);
#311=FACE_OUTER_BOUND('',#492,.T.);
#312=FACE_OUTER_BOUND('',#493,.T.);
#313=FACE_OUTER_BOUND('',#494,.T.);
#314=FACE_OUTER_BOUND('',#495,.T.);
#315=FACE_OUTER_BOUND('',#496,.T.);
#316=FACE_OUTER_BOUND('',#497,.T.);
#317=FACE_OUTER_BOUND('',#498,.T.);
#318=FACE_OUTER_BOUND('',#500,.T.);
#319=FACE_OUTER_BOUND('',#502,.T.);
#320=FACE_OUTER_BOUND('',#503,.T.);
#321=FACE_OUTER_BOUND('',#504,.T.);
#322=FACE_OUTER_BOUND('',#505,.T.);
#323=FACE_OUTER_BOUND('',#506,.T.);
#324=FACE_OUTER_BOUND('',#508,.T.);
#325=FACE_OUTER_BOUND('',#510,.T.);
#326=FACE_OUTER_BOUND('',#511,.T.);
#327=FACE_OUTER_BOUND('',#512,.T.);
#328=FACE_OUTER_BOUND('',#513,.T.);
#329=FACE_OUTER_BOUND('',#514,.T.);
#330=FACE_OUTER_BOUND('',#515,.T.);
#331=FACE_OUTER_BOUND('',#516,.T.);
#332=FACE_OUTER_BOUND('',#517,.T.);
#333=FACE_OUTER_BOUND('',#518,.T.);
#334=FACE_OUTER_BOUND('',#519,.T.);
#335=FACE_OUTER_BOUND('',#520,.T.);
#336=FACE_OUTER_BOUND('',#521,.T.);
#337=FACE_OUTER_BOUND('',#522,.T.);
#338=FACE_OUTER_BOUND('',#523,.T.);
#339=FACE_OUTER_BOUND('',#524,.T.);
#340=FACE_OUTER_BOUND('',#525,.T.);
#341=FACE_OUTER_BOUND('',#526,.T.);
#342=FACE_OUTER_BOUND('',#527,.T.);
#343=FACE_OUTER_BOUND('',#528,.T.);
#344=FACE_OUTER_BOUND('',#529,.T.);
#345=FACE_OUTER_BOUND('',#530,.T.);
#346=FACE_OUTER_BOUND('',#531,.T.);
#347=FACE_OUTER_BOUND('',#533,.T.);
#348=FACE_OUTER_BOUND('',#535,.T.);
#349=FACE_OUTER_BOUND('',#536,.T.);
#350=FACE_OUTER_BOUND('',#537,.T.);
#351=FACE_OUTER_BOUND('',#538,.T.);
#352=FACE_OUTER_BOUND('',#539,.T.);
#353=FACE_OUTER_BOUND('',#541,.T.);
#354=FACE_OUTER_BOUND('',#543,.T.);
#355=FACE_OUTER_BOUND('',#544,.T.);
#356=FACE_OUTER_BOUND('',#545,.T.);
#357=FACE_OUTER_BOUND('',#546,.T.);
#358=FACE_OUTER_BOUND('',#547,.T.);
#359=FACE_OUTER_BOUND('',#548,.T.);
#360=FACE_OUTER_BOUND('',#549,.T.);
#361=FACE_OUTER_BOUND('',#550,.T.);
#362=FACE_OUTER_BOUND('',#551,.T.);
#363=FACE_OUTER_BOUND('',#552,.T.);
#364=FACE_OUTER_BOUND('',#553,.T.);
#365=FACE_OUTER_BOUND('',#554,.T.);
#366=FACE_OUTER_BOUND('',#555,.T.);
#367=FACE_OUTER_BOUND('',#556,.T.);
#368=FACE_OUTER_BOUND('',#557,.T.);
#369=FACE_OUTER_BOUND('',#558,.T.);
#370=FACE_OUTER_BOUND('',#559,.T.);
#371=FACE_OUTER_BOUND('',#560,.T.);
#372=FACE_OUTER_BOUND('',#561,.T.);
#373=FACE_OUTER_BOUND('',#562,.T.);
#374=FACE_OUTER_BOUND('',#563,.T.);
#375=FACE_OUTER_BOUND('',#565,.T.);
#376=FACE_OUTER_BOUND('',#566,.T.);
#377=FACE_OUTER_BOUND('',#567,.T.);
#378=FACE_OUTER_BOUND('',#569,.T.);
#379=FACE_OUTER_BOUND('',#570,.T.);
#380=FACE_OUTER_BOUND('',#571,.T.);
#381=FACE_OUTER_BOUND('',#572,.T.);
#382=FACE_OUTER_BOUND('',#573,.T.);
#383=FACE_OUTER_BOUND('',#574,.T.);
#384=FACE_OUTER_BOUND('',#575,.T.);
#385=FACE_OUTER_BOUND('',#576,.T.);
#386=FACE_OUTER_BOUND('',#577,.T.);
#387=FACE_OUTER_BOUND('',#579,.T.);
#388=FACE_OUTER_BOUND('',#580,.T.);
#389=FACE_OUTER_BOUND('',#582,.T.);
#390=FACE_OUTER_BOUND('',#583,.T.);
#391=FACE_OUTER_BOUND('',#584,.T.);
#392=FACE_OUTER_BOUND('',#588,.T.);
#393=FACE_OUTER_BOUND('',#589,.T.);
#394=FACE_OUTER_BOUND('',#590,.T.);
#395=FACE_OUTER_BOUND('',#591,.T.);
#396=FACE_OUTER_BOUND('',#592,.T.);
#397=FACE_OUTER_BOUND('',#593,.T.);
#398=FACE_OUTER_BOUND('',#594,.T.);
#399=FACE_OUTER_BOUND('',#595,.T.);
#400=FACE_OUTER_BOUND('',#596,.T.);
#401=FACE_OUTER_BOUND('',#598,.T.);
#402=FACE_OUTER_BOUND('',#599,.T.);
#403=FACE_OUTER_BOUND('',#600,.T.);
#404=FACE_OUTER_BOUND('',#602,.T.);
#405=FACE_OUTER_BOUND('',#603,.T.);
#406=FACE_OUTER_BOUND('',#604,.T.);
#407=FACE_OUTER_BOUND('',#605,.T.);
#408=FACE_OUTER_BOUND('',#606,.T.);
#409=FACE_OUTER_BOUND('',#608,.T.);
#410=FACE_OUTER_BOUND('',#609,.T.);
#411=FACE_OUTER_BOUND('',#610,.T.);
#412=FACE_OUTER_BOUND('',#611,.T.);
#413=EDGE_LOOP('',(#1937,#1938,#1939,#1940));
#414=EDGE_LOOP('',(#1941,#1942,#1943,#1944,#1945,#1946,#1947,#1948));
#415=EDGE_LOOP('',(#1949,#1950,#1951,#1952));
#416=EDGE_LOOP('',(#1953,#1954,#1955,#1956,#1957,#1958));
#417=EDGE_LOOP('',(#1959,#1960,#1961,#1962));
#418=EDGE_LOOP('',(#1963,#1964,#1965,#1966));
#419=EDGE_LOOP('',(#1967,#1968,#1969,#1970));
#420=EDGE_LOOP('',(#1971,#1972,#1973,#1974,#1975,#1976,#1977,#1978));
#421=EDGE_LOOP('',(#1979));
#422=EDGE_LOOP('',(#1980,#1981,#1982,#1983,#1984,#1985,#1986,#1987));
#423=EDGE_LOOP('',(#1988,#1989,#1990,#1991));
#424=EDGE_LOOP('',(#1992,#1993,#1994,#1995));
#425=EDGE_LOOP('',(#1996,#1997,#1998,#1999));
#426=EDGE_LOOP('',(#2000,#2001,#2002,#2003,#2004,#2005));
#427=EDGE_LOOP('',(#2006,#2007,#2008,#2009));
#428=EDGE_LOOP('',(#2010,#2011,#2012,#2013));
#429=EDGE_LOOP('',(#2014,#2015,#2016,#2017));
#430=EDGE_LOOP('',(#2018,#2019,#2020,#2021,#2022,#2023));
#431=EDGE_LOOP('',(#2024,#2025,#2026,#2027));
#432=EDGE_LOOP('',(#2028,#2029,#2030));
#433=EDGE_LOOP('',(#2031,#2032,#2033));
#434=EDGE_LOOP('',(#2034,#2035,#2036));
#435=EDGE_LOOP('',(#2037,#2038,#2039,#2040));
#436=EDGE_LOOP('',(#2041,#2042,#2043));
#437=EDGE_LOOP('',(#2044,#2045,#2046));
#438=EDGE_LOOP('',(#2047,#2048,#2049,#2050));
#439=EDGE_LOOP('',(#2051,#2052,#2053));
#440=EDGE_LOOP('',(#2054,#2055,#2056,#2057,#2058,#2059,#2060,#2061,#2062,
#2063));
#441=EDGE_LOOP('',(#2064,#2065,#2066,#2067));
#442=EDGE_LOOP('',(#2068,#2069,#2070,#2071));
#443=EDGE_LOOP('',(#2072,#2073,#2074,#2075));
#444=EDGE_LOOP('',(#2076,#2077,#2078,#2079,#2080,#2081));
#445=EDGE_LOOP('',(#2082,#2083,#2084,#2085,#2086,#2087,#2088,#2089));
#446=EDGE_LOOP('',(#2090,#2091,#2092,#2093));
#447=EDGE_LOOP('',(#2094,#2095,#2096,#2097));
#448=EDGE_LOOP('',(#2098,#2099,#2100,#2101));
#449=EDGE_LOOP('',(#2102,#2103,#2104,#2105,#2106,#2107));
#450=EDGE_LOOP('',(#2108,#2109,#2110,#2111));
#451=EDGE_LOOP('',(#2112,#2113,#2114,#2115));
#452=EDGE_LOOP('',(#2116,#2117,#2118,#2119,#2120,#2121,#2122));
#453=EDGE_LOOP('',(#2123,#2124,#2125,#2126));
#454=EDGE_LOOP('',(#2127,#2128,#2129,#2130));
#455=EDGE_LOOP('',(#2131,#2132,#2133,#2134));
#456=EDGE_LOOP('',(#2135,#2136,#2137,#2138,#2139,#2140,#2141));
#457=EDGE_LOOP('',(#2142,#2143,#2144,#2145));
#458=EDGE_LOOP('',(#2146,#2147,#2148,#2149));
#459=EDGE_LOOP('',(#2150,#2151,#2152,#2153,#2154,#2155,#2156,#2157));
#460=EDGE_LOOP('',(#2158,#2159,#2160,#2161));
#461=EDGE_LOOP('',(#2162,#2163,#2164,#2165));
#462=EDGE_LOOP('',(#2166,#2167,#2168,#2169));
#463=EDGE_LOOP('',(#2170,#2171,#2172,#2173));
#464=EDGE_LOOP('',(#2174,#2175,#2176,#2177));
#465=EDGE_LOOP('',(#2178,#2179,#2180,#2181,#2182,#2183,#2184,#2185));
#466=EDGE_LOOP('',(#2186,#2187,#2188,#2189));
#467=EDGE_LOOP('',(#2190,#2191,#2192,#2193));
#468=EDGE_LOOP('',(#2194,#2195,#2196,#2197));
#469=EDGE_LOOP('',(#2198,#2199,#2200,#2201));
#470=EDGE_LOOP('',(#2202,#2203,#2204,#2205));
#471=EDGE_LOOP('',(#2206,#2207,#2208,#2209,#2210,#2211,#2212,#2213));
#472=EDGE_LOOP('',(#2214,#2215,#2216,#2217));
#473=EDGE_LOOP('',(#2218,#2219,#2220,#2221));
#474=EDGE_LOOP('',(#2222,#2223,#2224,#2225));
#475=EDGE_LOOP('',(#2226,#2227,#2228,#2229));
#476=EDGE_LOOP('',(#2230,#2231,#2232,#2233));
#477=EDGE_LOOP('',(#2234,#2235,#2236,#2237,#2238,#2239));
#478=EDGE_LOOP('',(#2240,#2241,#2242,#2243));
#479=EDGE_LOOP('',(#2244));
#480=EDGE_LOOP('',(#2245,#2246,#2247,#2248));
#481=EDGE_LOOP('',(#2249,#2250,#2251,#2252));
#482=EDGE_LOOP('',(#2253,#2254,#2255,#2256));
#483=EDGE_LOOP('',(#2257,#2258,#2259,#2260));
#484=EDGE_LOOP('',(#2261,#2262,#2263,#2264));
#485=EDGE_LOOP('',(#2265));
#486=EDGE_LOOP('',(#2266,#2267,#2268,#2269));
#487=EDGE_LOOP('',(#2270,#2271,#2272,#2273));
#488=EDGE_LOOP('',(#2274));
#489=EDGE_LOOP('',(#2275,#2276,#2277,#2278));
#490=EDGE_LOOP('',(#2279,#2280,#2281,#2282,#2283));
#491=EDGE_LOOP('',(#2284,#2285,#2286,#2287,#2288,#2289));
#492=EDGE_LOOP('',(#2290,#2291,#2292,#2293,#2294));
#493=EDGE_LOOP('',(#2295,#2296,#2297,#2298));
#494=EDGE_LOOP('',(#2299,#2300,#2301,#2302));
#495=EDGE_LOOP('',(#2303,#2304,#2305,#2306));
#496=EDGE_LOOP('',(#2307,#2308,#2309,#2310));
#497=EDGE_LOOP('',(#2311,#2312,#2313,#2314));
#498=EDGE_LOOP('',(#2315,#2316,#2317,#2318));
#499=EDGE_LOOP('',(#2319));
#500=EDGE_LOOP('',(#2320,#2321,#2322,#2323));
#501=EDGE_LOOP('',(#2324));
#502=EDGE_LOOP('',(#2325,#2326,#2327,#2328));
#503=EDGE_LOOP('',(#2329,#2330,#2331,#2332));
#504=EDGE_LOOP('',(#2333,#2334,#2335,#2336));
#505=EDGE_LOOP('',(#2337,#2338,#2339,#2340));
#506=EDGE_LOOP('',(#2341,#2342,#2343,#2344));
#507=EDGE_LOOP('',(#2345));
#508=EDGE_LOOP('',(#2346,#2347,#2348,#2349));
#509=EDGE_LOOP('',(#2350));
#510=EDGE_LOOP('',(#2351,#2352,#2353,#2354));
#511=EDGE_LOOP('',(#2355,#2356,#2357,#2358));
#512=EDGE_LOOP('',(#2359,#2360,#2361,#2362));
#513=EDGE_LOOP('',(#2363,#2364,#2365,#2366));
#514=EDGE_LOOP('',(#2367,#2368,#2369,#2370,#2371,#2372,#2373,#2374,#2375,
#2376,#2377,#2378,#2379,#2380,#2381,#2382,#2383));
#515=EDGE_LOOP('',(#2384,#2385,#2386,#2387));
#516=EDGE_LOOP('',(#2388,#2389,#2390,#2391));
#517=EDGE_LOOP('',(#2392,#2393,#2394,#2395));
#518=EDGE_LOOP('',(#2396,#2397,#2398,#2399,#2400,#2401));
#519=EDGE_LOOP('',(#2402,#2403,#2404,#2405,#2406,#2407,#2408,#2409,#2410,
#2411));
#520=EDGE_LOOP('',(#2412,#2413,#2414,#2415));
#521=EDGE_LOOP('',(#2416,#2417,#2418,#2419));
#522=EDGE_LOOP('',(#2420,#2421,#2422,#2423,#2424,#2425,#2426,#2427,#2428,
#2429));
#523=EDGE_LOOP('',(#2430,#2431,#2432,#2433));
#524=EDGE_LOOP('',(#2434,#2435,#2436,#2437,#2438,#2439,#2440,#2441));
#525=EDGE_LOOP('',(#2442,#2443,#2444,#2445));
#526=EDGE_LOOP('',(#2446,#2447,#2448,#2449,#2450,#2451,#2452,#2453,#2454,
#2455,#2456,#2457,#2458,#2459,#2460,#2461,#2462));
#527=EDGE_LOOP('',(#2463,#2464,#2465,#2466));
#528=EDGE_LOOP('',(#2467,#2468,#2469,#2470));
#529=EDGE_LOOP('',(#2471,#2472,#2473,#2474));
#530=EDGE_LOOP('',(#2475,#2476,#2477,#2478));
#531=EDGE_LOOP('',(#2479,#2480,#2481,#2482));
#532=EDGE_LOOP('',(#2483));
#533=EDGE_LOOP('',(#2484,#2485,#2486,#2487));
#534=EDGE_LOOP('',(#2488));
#535=EDGE_LOOP('',(#2489,#2490,#2491,#2492));
#536=EDGE_LOOP('',(#2493,#2494,#2495,#2496));
#537=EDGE_LOOP('',(#2497,#2498,#2499,#2500));
#538=EDGE_LOOP('',(#2501,#2502,#2503,#2504));
#539=EDGE_LOOP('',(#2505,#2506,#2507,#2508));
#540=EDGE_LOOP('',(#2509));
#541=EDGE_LOOP('',(#2510,#2511,#2512,#2513));
#542=EDGE_LOOP('',(#2514));
#543=EDGE_LOOP('',(#2515,#2516,#2517,#2518));
#544=EDGE_LOOP('',(#2519,#2520,#2521,#2522));
#545=EDGE_LOOP('',(#2523,#2524,#2525,#2526));
#546=EDGE_LOOP('',(#2527));
#547=EDGE_LOOP('',(#2528,#2529,#2530,#2531));
#548=EDGE_LOOP('',(#2532));
#549=EDGE_LOOP('',(#2533,#2534,#2535,#2536,#2537,#2538,#2539,#2540,#2541,
#2542,#2543,#2544,#2545,#2546,#2547,#2548,#2549,#2550,#2551,#2552));
#550=EDGE_LOOP('',(#2553,#2554,#2555,#2556,#2557,#2558,#2559,#2560,#2561,
#2562,#2563,#2564,#2565,#2566,#2567,#2568,#2569,#2570,#2571,#2572));
#551=EDGE_LOOP('',(#2573,#2574,#2575,#2576));
#552=EDGE_LOOP('',(#2577,#2578,#2579,#2580));
#553=EDGE_LOOP('',(#2581,#2582,#2583,#2584));
#554=EDGE_LOOP('',(#2585,#2586,#2587,#2588));
#555=EDGE_LOOP('',(#2589,#2590,#2591,#2592));
#556=EDGE_LOOP('',(#2593,#2594,#2595,#2596));
#557=EDGE_LOOP('',(#2597,#2598,#2599,#2600));
#558=EDGE_LOOP('',(#2601,#2602,#2603,#2604));
#559=EDGE_LOOP('',(#2605,#2606,#2607,#2608));
#560=EDGE_LOOP('',(#2609,#2610,#2611,#2612));
#561=EDGE_LOOP('',(#2613,#2614,#2615,#2616));
#562=EDGE_LOOP('',(#2617,#2618,#2619,#2620));
#563=EDGE_LOOP('',(#2621,#2622,#2623,#2624,#2625,#2626));
#564=EDGE_LOOP('',(#2627));
#565=EDGE_LOOP('',(#2628,#2629,#2630,#2631));
#566=EDGE_LOOP('',(#2632,#2633,#2634,#2635));
#567=EDGE_LOOP('',(#2636,#2637,#2638,#2639,#2640,#2641));
#568=EDGE_LOOP('',(#2642));
#569=EDGE_LOOP('',(#2643,#2644,#2645,#2646));
#570=EDGE_LOOP('',(#2647,#2648,#2649,#2650));
#571=EDGE_LOOP('',(#2651,#2652,#2653,#2654));
#572=EDGE_LOOP('',(#2655,#2656,#2657,#2658));
#573=EDGE_LOOP('',(#2659,#2660,#2661,#2662));
#574=EDGE_LOOP('',(#2663,#2664,#2665,#2666));
#575=EDGE_LOOP('',(#2667,#2668,#2669,#2670));
#576=EDGE_LOOP('',(#2671,#2672,#2673,#2674));
#577=EDGE_LOOP('',(#2675));
#578=EDGE_LOOP('',(#2676));
#579=EDGE_LOOP('',(#2677,#2678,#2679,#2680));
#580=EDGE_LOOP('',(#2681));
#581=EDGE_LOOP('',(#2682));
#582=EDGE_LOOP('',(#2683,#2684,#2685,#2686));
#583=EDGE_LOOP('',(#2687,#2688,#2689,#2690));
#584=EDGE_LOOP('',(#2691,#2692,#2693,#2694,#2695,#2696,#2697,#2698));
#585=EDGE_LOOP('',(#2699,#2700,#2701,#2702,#2703,#2704,#2705,#2706));
#586=EDGE_LOOP('',(#2707,#2708,#2709,#2710));
#587=EDGE_LOOP('',(#2711,#2712,#2713,#2714));
#588=EDGE_LOOP('',(#2715,#2716,#2717,#2718));
#589=EDGE_LOOP('',(#2719,#2720,#2721,#2722));
#590=EDGE_LOOP('',(#2723,#2724,#2725,#2726));
#591=EDGE_LOOP('',(#2727));
#592=EDGE_LOOP('',(#2728,#2729,#2730,#2731));
#593=EDGE_LOOP('',(#2732));
#594=EDGE_LOOP('',(#2733,#2734,#2735,#2736));
#595=EDGE_LOOP('',(#2737,#2738,#2739,#2740));
#596=EDGE_LOOP('',(#2741,#2742,#2743,#2744));
#597=EDGE_LOOP('',(#2745));
#598=EDGE_LOOP('',(#2746,#2747,#2748,#2749));
#599=EDGE_LOOP('',(#2750,#2751,#2752,#2753));
#600=EDGE_LOOP('',(#2754,#2755,#2756,#2757));
#601=EDGE_LOOP('',(#2758));
#602=EDGE_LOOP('',(#2759,#2760,#2761,#2762));
#603=EDGE_LOOP('',(#2763,#2764,#2765,#2766));
#604=EDGE_LOOP('',(#2767,#2768,#2769,#2770));
#605=EDGE_LOOP('',(#2771,#2772,#2773,#2774));
#606=EDGE_LOOP('',(#2775,#2776,#2777,#2778));
#607=EDGE_LOOP('',(#2779,#2780,#2781,#2782,#2783,#2784,#2785,#2786));
#608=EDGE_LOOP('',(#2787,#2788,#2789,#2790));
#609=EDGE_LOOP('',(#2791,#2792,#2793,#2794));
#610=EDGE_LOOP('',(#2795,#2796,#2797,#2798));
#611=EDGE_LOOP('',(#2799,#2800,#2801,#2802,#2803,#2804,#2805,#2806));
#612=LINE('',#4295,#919);
#613=LINE('',#4297,#920);
#614=LINE('',#4299,#921);
#615=LINE('',#4300,#922);
#616=LINE('',#4303,#923);
#617=LINE('',#4307,#924);
#618=LINE('',#4309,#925);
#619=LINE('',#4311,#926);
#620=LINE('',#4314,#927);
#621=LINE('',#4318,#928);
#622=LINE('',#4320,#929);
#623=LINE('',#4322,#930);
#624=LINE('',#4323,#931);
#625=LINE('',#4326,#932);
#626=LINE('',#4330,#933);
#627=LINE('',#4333,#934);
#628=LINE('',#4343,#935);
#629=LINE('',#4347,#936);
#630=LINE('',#4349,#937);
#631=LINE('',#4350,#938);
#632=LINE('',#4361,#939);
#633=LINE('',#4365,#940);
#634=LINE('',#4368,#941);
#635=LINE('',#4373,#942);
#636=LINE('',#4375,#943);
#637=LINE('',#4376,#944);
#638=LINE('',#4378,#945);
#639=LINE('',#4380,#946);
#640=LINE('',#4381,#947);
#641=LINE('',#4384,#948);
#642=LINE('',#4387,#949);
#643=LINE('',#4390,#950);
#644=LINE('',#4393,#951);
#645=LINE('',#4396,#952);
#646=LINE('',#4399,#953);
#647=LINE('',#4417,#954);
#648=LINE('',#4419,#955);
#649=LINE('',#4422,#956);
#650=LINE('',#4425,#957);
#651=LINE('',#4428,#958);
#652=LINE('',#4431,#959);
#653=LINE('',#4434,#960);
#654=LINE('',#4437,#961);
#655=LINE('',#4440,#962);
#656=LINE('',#4458,#963);
#657=LINE('',#4460,#964);
#658=LINE('',#4463,#965);
#659=LINE('',#4466,#966);
#660=LINE('',#4469,#967);
#661=LINE('',#4492,#968);
#662=LINE('',#4493,#969);
#663=LINE('',#4509,#970);
#664=LINE('',#4510,#971);
#665=LINE('',#4529,#972);
#666=LINE('',#4530,#973);
#667=LINE('',#4532,#974);
#668=LINE('',#4552,#975);
#669=LINE('',#4562,#976);
#670=LINE('',#4563,#977);
#671=LINE('',#4566,#978);
#672=LINE('',#4568,#979);
#673=LINE('',#4571,#980);
#674=LINE('',#4572,#981);
#675=LINE('',#4574,#982);
#676=LINE('',#4575,#983);
#677=LINE('',#4576,#984);
#678=LINE('',#4594,#985);
#679=LINE('',#4595,#986);
#680=LINE('',#4597,#987);
#681=LINE('',#4613,#988);
#682=LINE('',#4616,#989);
#683=LINE('',#4618,#990);
#684=LINE('',#4622,#991);
#685=LINE('',#4624,#992);
#686=LINE('',#4627,#993);
#687=LINE('',#4628,#994);
#688=LINE('',#4630,#995);
#689=LINE('',#4632,#996);
#690=LINE('',#4635,#997);
#691=LINE('',#4638,#998);
#692=LINE('',#4640,#999);
#693=LINE('',#4643,#1000);
#694=LINE('',#4644,#1001);
#695=LINE('',#4656,#1002);
#696=LINE('',#4658,#1003);
#697=LINE('',#4662,#1004);
#698=LINE('',#4673,#1005);
#699=LINE('',#4675,#1006);
#700=LINE('',#4679,#1007);
#701=LINE('',#4681,#1008);
#702=LINE('',#4685,#1009);
#703=LINE('',#4687,#1010);
#704=LINE('',#4700,#1011);
#705=LINE('',#4702,#1012);
#706=LINE('',#4706,#1013);
#707=LINE('',#4717,#1014);
#708=LINE('',#4719,#1015);
#709=LINE('',#4722,#1016);
#710=LINE('',#4723,#1017);
#711=LINE('',#4726,#1018);
#712=LINE('',#4734,#1019);
#713=LINE('',#4735,#1020);
#714=LINE('',#4737,#1021);
#715=LINE('',#4739,#1022);
#716=LINE('',#4743,#1023);
#717=LINE('',#4748,#1024);
#718=LINE('',#4750,#1025);
#719=LINE('',#4752,#1026);
#720=LINE('',#4754,#1027);
#721=LINE('',#4758,#1028);
#722=LINE('',#4763,#1029);
#723=LINE('',#4765,#1030);
#724=LINE('',#4772,#1031);
#725=LINE('',#4774,#1032);
#726=LINE('',#4777,#1033);
#727=LINE('',#4781,#1034);
#728=LINE('',#4783,#1035);
#729=LINE('',#4785,#1036);
#730=LINE('',#4786,#1037);
#731=LINE('',#4791,#1038);
#732=LINE('',#4793,#1039);
#733=LINE('',#4794,#1040);
#734=LINE('',#4797,#1041);
#735=LINE('',#4798,#1042);
#736=LINE('',#4801,#1043);
#737=LINE('',#4802,#1044);
#738=LINE('',#4804,#1045);
#739=LINE('',#4809,#1046);
#740=LINE('',#4812,#1047);
#741=LINE('',#4818,#1048);
#742=LINE('',#4820,#1049);
#743=LINE('',#4822,#1050);
#744=LINE('',#4823,#1051);
#745=LINE('',#4825,#1052);
#746=LINE('',#4826,#1053);
#747=LINE('',#4829,#1054);
#748=LINE('',#4832,#1055);
#749=LINE('',#4834,#1056);
#750=LINE('',#4835,#1057);
#751=LINE('',#4840,#1058);
#752=LINE('',#4842,#1059);
#753=LINE('',#4844,#1060);
#754=LINE('',#4845,#1061);
#755=LINE('',#4848,#1062);
#756=LINE('',#4850,#1063);
#757=LINE('',#4851,#1064);
#758=LINE('',#4854,#1065);
#759=LINE('',#4856,#1066);
#760=LINE('',#4857,#1067);
#761=LINE('',#4859,#1068);
#762=LINE('',#4860,#1069);
#763=LINE('',#4870,#1070);
#764=LINE('',#4872,#1071);
#765=LINE('',#4874,#1072);
#766=LINE('',#4875,#1073);
#767=LINE('',#4878,#1074);
#768=LINE('',#4880,#1075);
#769=LINE('',#4881,#1076);
#770=LINE('',#4884,#1077);
#771=LINE('',#4886,#1078);
#772=LINE('',#4887,#1079);
#773=LINE('',#4889,#1080);
#774=LINE('',#4890,#1081);
#775=LINE('',#4899,#1082);
#776=LINE('',#4903,#1083);
#777=LINE('',#4906,#1084);
#778=LINE('',#4911,#1085);
#779=LINE('',#4913,#1086);
#780=LINE('',#4914,#1087);
#781=LINE('',#4919,#1088);
#782=LINE('',#4920,#1089);
#783=LINE('',#4924,#1090);
#784=LINE('',#4927,#1091);
#785=LINE('',#4928,#1092);
#786=LINE('',#4934,#1093);
#787=LINE('',#4936,#1094);
#788=LINE('',#4938,#1095);
#789=LINE('',#4941,#1096);
#790=LINE('',#4944,#1097);
#791=LINE('',#4949,#1098);
#792=LINE('',#4951,#1099);
#793=LINE('',#4953,#1100);
#794=LINE('',#4954,#1101);
#795=LINE('',#4957,#1102);
#796=LINE('',#4959,#1103);
#797=LINE('',#4960,#1104);
#798=LINE('',#4963,#1105);
#799=LINE('',#4965,#1106);
#800=LINE('',#4966,#1107);
#801=LINE('',#4968,#1108);
#802=LINE('',#4969,#1109);
#803=LINE('',#4979,#1110);
#804=LINE('',#4981,#1111);
#805=LINE('',#4983,#1112);
#806=LINE('',#4984,#1113);
#807=LINE('',#4987,#1114);
#808=LINE('',#4989,#1115);
#809=LINE('',#4990,#1116);
#810=LINE('',#4993,#1117);
#811=LINE('',#4995,#1118);
#812=LINE('',#4996,#1119);
#813=LINE('',#4998,#1120);
#814=LINE('',#4999,#1121);
#815=LINE('',#5008,#1122);
#816=LINE('',#5012,#1123);
#817=LINE('',#5017,#1124);
#818=LINE('',#5022,#1125);
#819=LINE('',#5029,#1126);
#820=LINE('',#5031,#1127);
#821=LINE('',#5033,#1128);
#822=LINE('',#5037,#1129);
#823=LINE('',#5039,#1130);
#824=LINE('',#5041,#1131);
#825=LINE('',#5045,#1132);
#826=LINE('',#5047,#1133);
#827=LINE('',#5049,#1134);
#828=LINE('',#5053,#1135);
#829=LINE('',#5055,#1136);
#830=LINE('',#5057,#1137);
#831=LINE('',#5059,#1138);
#832=LINE('',#5061,#1139);
#833=LINE('',#5063,#1140);
#834=LINE('',#5064,#1141);
#835=LINE('',#5070,#1142);
#836=LINE('',#5072,#1143);
#837=LINE('',#5074,#1144);
#838=LINE('',#5076,#1145);
#839=LINE('',#5078,#1146);
#840=LINE('',#5080,#1147);
#841=LINE('',#5082,#1148);
#842=LINE('',#5086,#1149);
#843=LINE('',#5088,#1150);
#844=LINE('',#5090,#1151);
#845=LINE('',#5094,#1152);
#846=LINE('',#5096,#1153);
#847=LINE('',#5098,#1154);
#848=LINE('',#5102,#1155);
#849=LINE('',#5104,#1156);
#850=LINE('',#5105,#1157);
#851=LINE('',#5107,#1158);
#852=LINE('',#5108,#1159);
#853=LINE('',#5110,#1160);
#854=LINE('',#5111,#1161);
#855=LINE('',#5113,#1162);
#856=LINE('',#5114,#1163);
#857=LINE('',#5116,#1164);
#858=LINE('',#5118,#1165);
#859=LINE('',#5120,#1166);
#860=LINE('',#5122,#1167);
#861=LINE('',#5124,#1168);
#862=LINE('',#5126,#1169);
#863=LINE('',#5127,#1170);
#864=LINE('',#5129,#1171);
#865=LINE('',#5131,#1172);
#866=LINE('',#5133,#1173);
#867=LINE('',#5138,#1174);
#868=LINE('',#5146,#1175);
#869=LINE('',#5151,#1176);
#870=LINE('',#5154,#1177);
#871=LINE('',#5159,#1178);
#872=LINE('',#5162,#1179);
#873=LINE('',#5165,#1180);
#874=LINE('',#5167,#1181);
#875=LINE('',#5173,#1182);
#876=LINE('',#5182,#1183);
#877=LINE('',#5190,#1184);
#878=LINE('',#5192,#1185);
#879=LINE('',#5194,#1186);
#880=LINE('',#5195,#1187);
#881=LINE('',#5199,#1188);
#882=LINE('',#5201,#1189);
#883=LINE('',#5203,#1190);
#884=LINE('',#5204,#1191);
#885=LINE('',#5210,#1192);
#886=LINE('',#5214,#1193);
#887=LINE('',#5218,#1194);
#888=LINE('',#5221,#1195);
#889=LINE('',#5224,#1196);
#890=LINE('',#5226,#1197);
#891=LINE('',#5228,#1198);
#892=LINE('',#5229,#1199);
#893=LINE('',#5230,#1200);
#894=LINE('',#5231,#1201);
#895=LINE('',#5234,#1202);
#896=LINE('',#5236,#1203);
#897=LINE('',#5237,#1204);
#898=LINE('',#5240,#1205);
#899=LINE('',#5242,#1206);
#900=LINE('',#5243,#1207);
#901=LINE('',#5245,#1208);
#902=LINE('',#5248,#1209);
#903=LINE('',#5251,#1210);
#904=LINE('',#5253,#1211);
#905=LINE('',#5256,#1212);
#906=LINE('',#5258,#1213);
#907=LINE('',#5264,#1214);
#908=LINE('',#5265,#1215);
#909=LINE('',#5268,#1216);
#910=LINE('',#5269,#1217);
#911=LINE('',#5273,#1218);
#912=LINE('',#5278,#1219);
#913=LINE('',#5279,#1220);
#914=LINE('',#5282,#1221);
#915=LINE('',#5283,#1222);
#916=LINE('',#5287,#1223);
#917=LINE('',#5289,#1224);
#918=LINE('',#5291,#1225);
#919=VECTOR('',#3402,10.);
#920=VECTOR('',#3403,10.);
#921=VECTOR('',#3404,10.);
#922=VECTOR('',#3405,10.);
#923=VECTOR('',#3408,10.);
#924=VECTOR('',#3411,10.);
#925=VECTOR('',#3412,10.);
#926=VECTOR('',#3413,10.);
#927=VECTOR('',#3416,10.);
#928=VECTOR('',#3419,10.);
#929=VECTOR('',#3420,10.);
#930=VECTOR('',#3421,10.);
#931=VECTOR('',#3422,10.);
#932=VECTOR('',#3425,10.);
#933=VECTOR('',#3428,10.);
#934=VECTOR('',#3431,10.);
#935=VECTOR('',#3436,10.);
#936=VECTOR('',#3441,10.);
#937=VECTOR('',#3442,10.);
#938=VECTOR('',#3443,10.);
#939=VECTOR('',#3452,10.);
#940=VECTOR('',#3455,10.);
#941=VECTOR('',#3458,10.);
#942=VECTOR('',#3463,10.);
#943=VECTOR('',#3464,10.);
#944=VECTOR('',#3465,10.);
#945=VECTOR('',#3466,10.);
#946=VECTOR('',#3467,10.);
#947=VECTOR('',#3468,10.);
#948=VECTOR('',#3471,10.);
#949=VECTOR('',#3474,10.);
#950=VECTOR('',#3477,10.);
#951=VECTOR('',#3480,10.);
#952=VECTOR('',#3483,10.);
#953=VECTOR('',#3486,10.);
#954=VECTOR('',#3489,10.);
#955=VECTOR('',#3490,10.);
#956=VECTOR('',#3493,10.);
#957=VECTOR('',#3496,10.);
#958=VECTOR('',#3499,10.);
#959=VECTOR('',#3502,10.);
#960=VECTOR('',#3505,10.);
#961=VECTOR('',#3508,10.);
#962=VECTOR('',#3511,10.);
#963=VECTOR('',#3514,10.);
#964=VECTOR('',#3515,10.);
#965=VECTOR('',#3518,10.);
#966=VECTOR('',#3521,10.);
#967=VECTOR('',#3524,10.);
#968=VECTOR('',#3551,10.);
#969=VECTOR('',#3552,10.);
#970=VECTOR('',#3571,10.);
#971=VECTOR('',#3572,10.);
#972=VECTOR('',#3583,10.);
#973=VECTOR('',#3584,10.);
#974=VECTOR('',#3585,10.);
#975=VECTOR('',#3586,10.);
#976=VECTOR('',#3589,10.);
#977=VECTOR('',#3590,10.);
#978=VECTOR('',#3593,10.);
#979=VECTOR('',#3594,10.);
#980=VECTOR('',#3599,10.);
#981=VECTOR('',#3600,10.);
#982=VECTOR('',#3603,10.);
#983=VECTOR('',#3604,10.);
#984=VECTOR('',#3605,10.);
#985=VECTOR('',#3608,10.);
#986=VECTOR('',#3609,10.);
#987=VECTOR('',#3610,10.);
#988=VECTOR('',#3611,10.);
#989=VECTOR('',#3614,10.);
#990=VECTOR('',#3615,10.);
#991=VECTOR('',#3620,10.);
#992=VECTOR('',#3621,10.);
#993=VECTOR('',#3626,10.);
#994=VECTOR('',#3627,10.);
#995=VECTOR('',#3630,10.);
#996=VECTOR('',#3631,10.);
#997=VECTOR('',#3634,10.);
#998=VECTOR('',#3637,10.);
#999=VECTOR('',#3638,10.);
#1000=VECTOR('',#3643,10.);
#1001=VECTOR('',#3644,10.);
#1002=VECTOR('',#3647,10.);
#1003=VECTOR('',#3648,10.);
#1004=VECTOR('',#3651,10.);
#1005=VECTOR('',#3654,10.);
#1006=VECTOR('',#3655,10.);
#1007=VECTOR('',#3660,10.);
#1008=VECTOR('',#3661,10.);
#1009=VECTOR('',#3666,10.);
#1010=VECTOR('',#3667,10.);
#1011=VECTOR('',#3672,10.);
#1012=VECTOR('',#3673,10.);
#1013=VECTOR('',#3676,10.);
#1014=VECTOR('',#3679,10.);
#1015=VECTOR('',#3680,10.);
#1016=VECTOR('',#3685,10.);
#1017=VECTOR('',#3686,10.);
#1018=VECTOR('',#3689,5.);
#1019=VECTOR('',#3704,10.);
#1020=VECTOR('',#3705,10.);
#1021=VECTOR('',#3708,10.);
#1022=VECTOR('',#3711,10.);
#1023=VECTOR('',#3716,5.);
#1024=VECTOR('',#3725,10.);
#1025=VECTOR('',#3728,10.);
#1026=VECTOR('',#3731,10.);
#1027=VECTOR('',#3734,10.);
#1028=VECTOR('',#3739,5.);
#1029=VECTOR('',#3748,10.);
#1030=VECTOR('',#3751,10.);
#1031=VECTOR('',#3760,10.);
#1032=VECTOR('',#3761,10.);
#1033=VECTOR('',#3764,10.);
#1034=VECTOR('',#3767,10.);
#1035=VECTOR('',#3768,10.);
#1036=VECTOR('',#3769,10.);
#1037=VECTOR('',#3770,10.);
#1038=VECTOR('',#3775,10.);
#1039=VECTOR('',#3776,10.);
#1040=VECTOR('',#3777,10.);
#1041=VECTOR('',#3780,10.);
#1042=VECTOR('',#3781,10.);
#1043=VECTOR('',#3784,10.);
#1044=VECTOR('',#3785,10.);
#1045=VECTOR('',#3788,10.);
#1046=VECTOR('',#3795,1.1);
#1047=VECTOR('',#3798,1.1);
#1048=VECTOR('',#3805,10.);
#1049=VECTOR('',#3806,10.);
#1050=VECTOR('',#3807,10.);
#1051=VECTOR('',#3808,10.);
#1052=VECTOR('',#3811,10.);
#1053=VECTOR('',#3812,10.);
#1054=VECTOR('',#3815,10.);
#1055=VECTOR('',#3818,10.);
#1056=VECTOR('',#3821,10.);
#1057=VECTOR('',#3822,10.);
#1058=VECTOR('',#3827,10.);
#1059=VECTOR('',#3828,10.);
#1060=VECTOR('',#3829,10.);
#1061=VECTOR('',#3830,10.);
#1062=VECTOR('',#3833,10.);
#1063=VECTOR('',#3834,10.);
#1064=VECTOR('',#3835,10.);
#1065=VECTOR('',#3838,10.);
#1066=VECTOR('',#3839,10.);
#1067=VECTOR('',#3840,10.);
#1068=VECTOR('',#3843,10.);
#1069=VECTOR('',#3844,10.);
#1070=VECTOR('',#3855,10.);
#1071=VECTOR('',#3856,10.);
#1072=VECTOR('',#3857,10.);
#1073=VECTOR('',#3858,10.);
#1074=VECTOR('',#3861,10.);
#1075=VECTOR('',#3862,10.);
#1076=VECTOR('',#3863,10.);
#1077=VECTOR('',#3866,10.);
#1078=VECTOR('',#3867,10.);
#1079=VECTOR('',#3868,10.);
#1080=VECTOR('',#3871,10.);
#1081=VECTOR('',#3872,10.);
#1082=VECTOR('',#3883,1.4);
#1083=VECTOR('',#3888,1.4);
#1084=VECTOR('',#3893,10.);
#1085=VECTOR('',#3900,10.);
#1086=VECTOR('',#3901,10.);
#1087=VECTOR('',#3902,10.);
#1088=VECTOR('',#3909,10.);
#1089=VECTOR('',#3910,10.);
#1090=VECTOR('',#3915,10.);
#1091=VECTOR('',#3918,10.);
#1092=VECTOR('',#3919,10.);
#1093=VECTOR('',#3928,10.);
#1094=VECTOR('',#3931,10.);
#1095=VECTOR('',#3934,4.);
#1096=VECTOR('',#3937,5.);
#1097=VECTOR('',#3942,4.);
#1098=VECTOR('',#3947,10.);
#1099=VECTOR('',#3948,10.);
#1100=VECTOR('',#3949,10.);
#1101=VECTOR('',#3950,10.);
#1102=VECTOR('',#3953,10.);
#1103=VECTOR('',#3954,10.);
#1104=VECTOR('',#3955,10.);
#1105=VECTOR('',#3958,10.);
#1106=VECTOR('',#3959,10.);
#1107=VECTOR('',#3960,10.);
#1108=VECTOR('',#3963,10.);
#1109=VECTOR('',#3964,10.);
#1110=VECTOR('',#3975,10.);
#1111=VECTOR('',#3976,10.);
#1112=VECTOR('',#3977,10.);
#1113=VECTOR('',#3978,10.);
#1114=VECTOR('',#3981,10.);
#1115=VECTOR('',#3982,10.);
#1116=VECTOR('',#3983,10.);
#1117=VECTOR('',#3986,10.);
#1118=VECTOR('',#3987,10.);
#1119=VECTOR('',#3988,10.);
#1120=VECTOR('',#3991,10.);
#1121=VECTOR('',#3992,10.);
#1122=VECTOR('',#4003,1.1);
#1123=VECTOR('',#4008,1.1);
#1124=VECTOR('',#4015,1.1);
#1125=VECTOR('',#4022,1.1);
#1126=VECTOR('',#4029,10.);
#1127=VECTOR('',#4030,10.);
#1128=VECTOR('',#4031,10.);
#1129=VECTOR('',#4034,10.);
#1130=VECTOR('',#4035,10.);
#1131=VECTOR('',#4036,10.);
#1132=VECTOR('',#4039,10.);
#1133=VECTOR('',#4040,10.);
#1134=VECTOR('',#4041,10.);
#1135=VECTOR('',#4044,10.);
#1136=VECTOR('',#4045,10.);
#1137=VECTOR('',#4046,10.);
#1138=VECTOR('',#4047,10.);
#1139=VECTOR('',#4048,10.);
#1140=VECTOR('',#4049,10.);
#1141=VECTOR('',#4050,10.);
#1142=VECTOR('',#4055,10.);
#1143=VECTOR('',#4056,10.);
#1144=VECTOR('',#4057,10.);
#1145=VECTOR('',#4058,10.);
#1146=VECTOR('',#4059,10.);
#1147=VECTOR('',#4060,10.);
#1148=VECTOR('',#4061,10.);
#1149=VECTOR('',#4064,10.);
#1150=VECTOR('',#4065,10.);
#1151=VECTOR('',#4066,10.);
#1152=VECTOR('',#4069,10.);
#1153=VECTOR('',#4070,10.);
#1154=VECTOR('',#4071,10.);
#1155=VECTOR('',#4074,10.);
#1156=VECTOR('',#4075,10.);
#1157=VECTOR('',#4076,10.);
#1158=VECTOR('',#4079,10.);
#1159=VECTOR('',#4080,10.);
#1160=VECTOR('',#4083,10.);
#1161=VECTOR('',#4084,10.);
#1162=VECTOR('',#4087,10.);
#1163=VECTOR('',#4088,10.);
#1164=VECTOR('',#4091,10.);
#1165=VECTOR('',#4094,10.);
#1166=VECTOR('',#4097,10.);
#1167=VECTOR('',#4100,10.);
#1168=VECTOR('',#4103,10.);
#1169=VECTOR('',#4106,10.);
#1170=VECTOR('',#4107,10.);
#1171=VECTOR('',#4110,10.);
#1172=VECTOR('',#4113,10.);
#1173=VECTOR('',#4116,10.);
#1174=VECTOR('',#4121,10.);
#1175=VECTOR('',#4132,10.);
#1176=VECTOR('',#4139,10.);
#1177=VECTOR('',#4142,10.);
#1178=VECTOR('',#4149,10.);
#1179=VECTOR('',#4152,10.);
#1180=VECTOR('',#4157,10.);
#1181=VECTOR('',#4160,10.);
#1182=VECTOR('',#4167,2.5);
#1183=VECTOR('',#4178,2.5);
#1184=VECTOR('',#4187,10.);
#1185=VECTOR('',#4188,10.);
#1186=VECTOR('',#4189,10.);
#1187=VECTOR('',#4190,10.);
#1188=VECTOR('',#4193,10.);
#1189=VECTOR('',#4194,10.);
#1190=VECTOR('',#4195,10.);
#1191=VECTOR('',#4196,10.);
#1192=VECTOR('',#4201,10.);
#1193=VECTOR('',#4204,10.);
#1194=VECTOR('',#4207,10.);
#1195=VECTOR('',#4210,10.);
#1196=VECTOR('',#4211,10.);
#1197=VECTOR('',#4212,10.);
#1198=VECTOR('',#4213,10.);
#1199=VECTOR('',#4214,10.);
#1200=VECTOR('',#4215,10.);
#1201=VECTOR('',#4216,10.);
#1202=VECTOR('',#4219,10.);
#1203=VECTOR('',#4220,10.);
#1204=VECTOR('',#4221,10.);
#1205=VECTOR('',#4224,10.);
#1206=VECTOR('',#4225,10.);
#1207=VECTOR('',#4226,10.);
#1208=VECTOR('',#4229,1.4);
#1209=VECTOR('',#4234,1.4);
#1210=VECTOR('',#4239,10.);
#1211=VECTOR('',#4242,10.);
#1212=VECTOR('',#4247,10.);
#1213=VECTOR('',#4250,10.);
#1214=VECTOR('',#4257,10.);
#1215=VECTOR('',#4258,10.);
#1216=VECTOR('',#4261,10.);
#1217=VECTOR('',#4262,10.);
#1218=VECTOR('',#4267,10.);
#1219=VECTOR('',#4272,10.);
#1220=VECTOR('',#4273,10.);
#1221=VECTOR('',#4276,10.);
#1222=VECTOR('',#4277,10.);
#1223=VECTOR('',#4282,10.);
#1224=VECTOR('',#4285,10.);
#1225=VECTOR('',#4288,10.);
#1226=VERTEX_POINT('',#4293);
#1227=VERTEX_POINT('',#4294);
#1228=VERTEX_POINT('',#4296);
#1229=VERTEX_POINT('',#4298);
#1230=VERTEX_POINT('',#4302);
#1231=VERTEX_POINT('',#4304);
#1232=VERTEX_POINT('',#4306);
#1233=VERTEX_POINT('',#4308);
#1234=VERTEX_POINT('',#4310);
#1235=VERTEX_POINT('',#4312);
#1236=VERTEX_POINT('',#4316);
#1237=VERTEX_POINT('',#4317);
#1238=VERTEX_POINT('',#4319);
#1239=VERTEX_POINT('',#4321);
#1240=VERTEX_POINT('',#4325);
#1241=VERTEX_POINT('',#4327);
#1242=VERTEX_POINT('',#4329);
#1243=VERTEX_POINT('',#4331);
#1244=VERTEX_POINT('',#4335);
#1245=VERTEX_POINT('',#4336);
#1246=VERTEX_POINT('',#4340);
#1247=VERTEX_POINT('',#4342);
#1248=VERTEX_POINT('',#4346);
#1249=VERTEX_POINT('',#4348);
#1250=VERTEX_POINT('',#4352);
#1251=VERTEX_POINT('',#4353);
#1252=VERTEX_POINT('',#4360);
#1253=VERTEX_POINT('',#4362);
#1254=VERTEX_POINT('',#4364);
#1255=VERTEX_POINT('',#4366);
#1256=VERTEX_POINT('',#4369);
#1257=VERTEX_POINT('',#4372);
#1258=VERTEX_POINT('',#4374);
#1259=VERTEX_POINT('',#4377);
#1260=VERTEX_POINT('',#4379);
#1261=VERTEX_POINT('',#4383);
#1262=VERTEX_POINT('',#4385);
#1263=VERTEX_POINT('',#4389);
#1264=VERTEX_POINT('',#4391);
#1265=VERTEX_POINT('',#4395);
#1266=VERTEX_POINT('',#4397);
#1267=VERTEX_POINT('',#4401);
#1268=VERTEX_POINT('',#4402);
#1269=VERTEX_POINT('',#4418);
#1270=VERTEX_POINT('',#4420);
#1271=VERTEX_POINT('',#4424);
#1272=VERTEX_POINT('',#4426);
#1273=VERTEX_POINT('',#4430);
#1274=VERTEX_POINT('',#4432);
#1275=VERTEX_POINT('',#4436);
#1276=VERTEX_POINT('',#4438);
#1277=VERTEX_POINT('',#4442);
#1278=VERTEX_POINT('',#4443);
#1279=VERTEX_POINT('',#4459);
#1280=VERTEX_POINT('',#4461);
#1281=VERTEX_POINT('',#4465);
#1282=VERTEX_POINT('',#4467);
#1283=VERTEX_POINT('',#4471);
#1284=VERTEX_POINT('',#4472);
#1285=VERTEX_POINT('',#4474);
#1286=VERTEX_POINT('',#4478);
#1287=VERTEX_POINT('',#4479);
#1288=VERTEX_POINT('',#4481);
#1289=VERTEX_POINT('',#4485);
#1290=VERTEX_POINT('',#4486);
#1291=VERTEX_POINT('',#4488);
#1292=VERTEX_POINT('',#4495);
#1293=VERTEX_POINT('',#4496);
#1294=VERTEX_POINT('',#4498);
#1295=VERTEX_POINT('',#4502);
#1296=VERTEX_POINT('',#4503);
#1297=VERTEX_POINT('',#4505);
#1298=VERTEX_POINT('',#4512);
#1299=VERTEX_POINT('',#4513);
#1300=VERTEX_POINT('',#4515);
#1301=VERTEX_POINT('',#4519);
#1302=VERTEX_POINT('',#4520);
#1303=VERTEX_POINT('',#4531);
#1304=VERTEX_POINT('',#4533);
#1305=VERTEX_POINT('',#4542);
#1306=VERTEX_POINT('',#4551);
#1307=VERTEX_POINT('',#4565);
#1308=VERTEX_POINT('',#4567);
#1309=VERTEX_POINT('',#4578);
#1310=VERTEX_POINT('',#4579);
#1311=VERTEX_POINT('',#4596);
#1312=VERTEX_POINT('',#4598);
#1313=VERTEX_POINT('',#4615);
#1314=VERTEX_POINT('',#4617);
#1315=VERTEX_POINT('',#4621);
#1316=VERTEX_POINT('',#4623);
#1317=VERTEX_POINT('',#4631);
#1318=VERTEX_POINT('',#4633);
#1319=VERTEX_POINT('',#4637);
#1320=VERTEX_POINT('',#4639);
#1321=VERTEX_POINT('',#4646);
#1322=VERTEX_POINT('',#4647);
#1323=VERTEX_POINT('',#4657);
#1324=VERTEX_POINT('',#4659);
#1325=VERTEX_POINT('',#4661);
#1326=VERTEX_POINT('',#4672);
#1327=VERTEX_POINT('',#4674);
#1328=VERTEX_POINT('',#4678);
#1329=VERTEX_POINT('',#4680);
#1330=VERTEX_POINT('',#4684);
#1331=VERTEX_POINT('',#4686);
#1332=VERTEX_POINT('',#4690);
#1333=VERTEX_POINT('',#4691);
#1334=VERTEX_POINT('',#4701);
#1335=VERTEX_POINT('',#4703);
#1336=VERTEX_POINT('',#4705);
#1337=VERTEX_POINT('',#4716);
#1338=VERTEX_POINT('',#4718);
#1339=VERTEX_POINT('',#4725);
#1340=VERTEX_POINT('',#4742);
#1341=VERTEX_POINT('',#4757);
#1342=VERTEX_POINT('',#4769);
#1343=VERTEX_POINT('',#4770);
#1344=VERTEX_POINT('',#4773);
#1345=VERTEX_POINT('',#4775);
#1346=VERTEX_POINT('',#4779);
#1347=VERTEX_POINT('',#4780);
#1348=VERTEX_POINT('',#4782);
#1349=VERTEX_POINT('',#4784);
#1350=VERTEX_POINT('',#4787);
#1351=VERTEX_POINT('',#4790);
#1352=VERTEX_POINT('',#4792);
#1353=VERTEX_POINT('',#4796);
#1354=VERTEX_POINT('',#4800);
#1355=VERTEX_POINT('',#4806);
#1356=VERTEX_POINT('',#4811);
#1357=VERTEX_POINT('',#4816);
#1358=VERTEX_POINT('',#4817);
#1359=VERTEX_POINT('',#4819);
#1360=VERTEX_POINT('',#4821);
#1361=VERTEX_POINT('',#4828);
#1362=VERTEX_POINT('',#4830);
#1363=VERTEX_POINT('',#4838);
#1364=VERTEX_POINT('',#4839);
#1365=VERTEX_POINT('',#4841);
#1366=VERTEX_POINT('',#4843);
#1367=VERTEX_POINT('',#4847);
#1368=VERTEX_POINT('',#4849);
#1369=VERTEX_POINT('',#4853);
#1370=VERTEX_POINT('',#4855);
#1371=VERTEX_POINT('',#4862);
#1372=VERTEX_POINT('',#4865);
#1373=VERTEX_POINT('',#4868);
#1374=VERTEX_POINT('',#4869);
#1375=VERTEX_POINT('',#4871);
#1376=VERTEX_POINT('',#4873);
#1377=VERTEX_POINT('',#4877);
#1378=VERTEX_POINT('',#4879);
#1379=VERTEX_POINT('',#4883);
#1380=VERTEX_POINT('',#4885);
#1381=VERTEX_POINT('',#4892);
#1382=VERTEX_POINT('',#4895);
#1383=VERTEX_POINT('',#4898);
#1384=VERTEX_POINT('',#4902);
#1385=VERTEX_POINT('',#4910);
#1386=VERTEX_POINT('',#4912);
#1387=VERTEX_POINT('',#4918);
#1388=VERTEX_POINT('',#4922);
#1389=VERTEX_POINT('',#4926);
#1390=VERTEX_POINT('',#4932);
#1391=VERTEX_POINT('',#4940);
#1392=VERTEX_POINT('',#4947);
#1393=VERTEX_POINT('',#4948);
#1394=VERTEX_POINT('',#4950);
#1395=VERTEX_POINT('',#4952);
#1396=VERTEX_POINT('',#4956);
#1397=VERTEX_POINT('',#4958);
#1398=VERTEX_POINT('',#4962);
#1399=VERTEX_POINT('',#4964);
#1400=VERTEX_POINT('',#4971);
#1401=VERTEX_POINT('',#4974);
#1402=VERTEX_POINT('',#4977);
#1403=VERTEX_POINT('',#4978);
#1404=VERTEX_POINT('',#4980);
#1405=VERTEX_POINT('',#4982);
#1406=VERTEX_POINT('',#4986);
#1407=VERTEX_POINT('',#4988);
#1408=VERTEX_POINT('',#4992);
#1409=VERTEX_POINT('',#4994);
#1410=VERTEX_POINT('',#5001);
#1411=VERTEX_POINT('',#5004);
#1412=VERTEX_POINT('',#5007);
#1413=VERTEX_POINT('',#5011);
#1414=VERTEX_POINT('',#5015);
#1415=VERTEX_POINT('',#5020);
#1416=VERTEX_POINT('',#5025);
#1417=VERTEX_POINT('',#5026);
#1418=VERTEX_POINT('',#5028);
#1419=VERTEX_POINT('',#5030);
#1420=VERTEX_POINT('',#5032);
#1421=VERTEX_POINT('',#5034);
#1422=VERTEX_POINT('',#5036);
#1423=VERTEX_POINT('',#5038);
#1424=VERTEX_POINT('',#5040);
#1425=VERTEX_POINT('',#5042);
#1426=VERTEX_POINT('',#5044);
#1427=VERTEX_POINT('',#5046);
#1428=VERTEX_POINT('',#5048);
#1429=VERTEX_POINT('',#5050);
#1430=VERTEX_POINT('',#5052);
#1431=VERTEX_POINT('',#5054);
#1432=VERTEX_POINT('',#5056);
#1433=VERTEX_POINT('',#5058);
#1434=VERTEX_POINT('',#5060);
#1435=VERTEX_POINT('',#5062);
#1436=VERTEX_POINT('',#5066);
#1437=VERTEX_POINT('',#5067);
#1438=VERTEX_POINT('',#5069);
#1439=VERTEX_POINT('',#5071);
#1440=VERTEX_POINT('',#5073);
#1441=VERTEX_POINT('',#5075);
#1442=VERTEX_POINT('',#5077);
#1443=VERTEX_POINT('',#5079);
#1444=VERTEX_POINT('',#5081);
#1445=VERTEX_POINT('',#5083);
#1446=VERTEX_POINT('',#5085);
#1447=VERTEX_POINT('',#5087);
#1448=VERTEX_POINT('',#5089);
#1449=VERTEX_POINT('',#5091);
#1450=VERTEX_POINT('',#5093);
#1451=VERTEX_POINT('',#5095);
#1452=VERTEX_POINT('',#5097);
#1453=VERTEX_POINT('',#5099);
#1454=VERTEX_POINT('',#5101);
#1455=VERTEX_POINT('',#5103);
#1456=VERTEX_POINT('',#5135);
#1457=VERTEX_POINT('',#5137);
#1458=VERTEX_POINT('',#5143);
#1459=VERTEX_POINT('',#5145);
#1460=VERTEX_POINT('',#5149);
#1461=VERTEX_POINT('',#5153);
#1462=VERTEX_POINT('',#5157);
#1463=VERTEX_POINT('',#5161);
#1464=VERTEX_POINT('',#5170);
#1465=VERTEX_POINT('',#5172);
#1466=VERTEX_POINT('',#5176);
#1467=VERTEX_POINT('',#5179);
#1468=VERTEX_POINT('',#5181);
#1469=VERTEX_POINT('',#5185);
#1470=VERTEX_POINT('',#5188);
#1471=VERTEX_POINT('',#5189);
#1472=VERTEX_POINT('',#5191);
#1473=VERTEX_POINT('',#5193);
#1474=VERTEX_POINT('',#5197);
#1475=VERTEX_POINT('',#5198);
#1476=VERTEX_POINT('',#5200);
#1477=VERTEX_POINT('',#5202);
#1478=VERTEX_POINT('',#5206);
#1479=VERTEX_POINT('',#5207);
#1480=VERTEX_POINT('',#5209);
#1481=VERTEX_POINT('',#5211);
#1482=VERTEX_POINT('',#5213);
#1483=VERTEX_POINT('',#5215);
#1484=VERTEX_POINT('',#5217);
#1485=VERTEX_POINT('',#5219);
#1486=VERTEX_POINT('',#5222);
#1487=VERTEX_POINT('',#5223);
#1488=VERTEX_POINT('',#5225);
#1489=VERTEX_POINT('',#5227);
#1490=VERTEX_POINT('',#5233);
#1491=VERTEX_POINT('',#5235);
#1492=VERTEX_POINT('',#5239);
#1493=VERTEX_POINT('',#5241);
#1494=VERTEX_POINT('',#5261);
#1495=VERTEX_POINT('',#5262);
#1496=VERTEX_POINT('',#5267);
#1497=VERTEX_POINT('',#5271);
#1498=VERTEX_POINT('',#5275);
#1499=VERTEX_POINT('',#5276);
#1500=VERTEX_POINT('',#5281);
#1501=VERTEX_POINT('',#5285);
#1502=EDGE_CURVE('',#1226,#1227,#612,.T.);
#1503=EDGE_CURVE('',#1226,#1228,#613,.T.);
#1504=EDGE_CURVE('',#1228,#1229,#614,.F.);
#1505=EDGE_CURVE('',#1229,#1227,#615,.T.);
#1506=EDGE_CURVE('',#1229,#1230,#616,.F.);
#1507=EDGE_CURVE('',#1230,#1231,#139,.F.);
#1508=EDGE_CURVE('',#1231,#1232,#617,.F.);
#1509=EDGE_CURVE('',#1232,#1233,#618,.F.);
#1510=EDGE_CURVE('',#1234,#1233,#619,.T.);
#1511=EDGE_CURVE('',#1234,#1235,#140,.F.);
#1512=EDGE_CURVE('',#1235,#1227,#620,.F.);
#1513=EDGE_CURVE('',#1236,#1237,#621,.F.);
#1514=EDGE_CURVE('',#1237,#1238,#622,.T.);
#1515=EDGE_CURVE('',#1238,#1239,#623,.F.);
#1516=EDGE_CURVE('',#1239,#1236,#624,.T.);
#1517=EDGE_CURVE('',#1240,#1237,#625,.T.);
#1518=EDGE_CURVE('',#1241,#1240,#141,.T.);
#1519=EDGE_CURVE('',#1242,#1241,#626,.T.);
#1520=EDGE_CURVE('',#1243,#1242,#142,.T.);
#1521=EDGE_CURVE('',#1238,#1243,#627,.T.);
#1522=EDGE_CURVE('',#1244,#1245,#131,.F.);
#1523=EDGE_CURVE('',#1245,#1246,#143,.T.);
#1524=EDGE_CURVE('',#1246,#1247,#628,.T.);
#1525=EDGE_CURVE('',#1247,#1244,#144,.T.);
#1526=EDGE_CURVE('',#1246,#1248,#629,.T.);
#1527=EDGE_CURVE('',#1248,#1249,#630,.T.);
#1528=EDGE_CURVE('',#1249,#1247,#631,.T.);
#1529=EDGE_CURVE('',#1250,#1251,#132,.T.);
#1530=EDGE_CURVE('',#1250,#1249,#145,.T.);
#1531=EDGE_CURVE('',#1248,#1251,#146,.T.);
#1532=EDGE_CURVE('',#1245,#1252,#632,.F.);
#1533=EDGE_CURVE('',#1252,#1253,#147,.F.);
#1534=EDGE_CURVE('',#1254,#1253,#633,.T.);
#1535=EDGE_CURVE('',#1254,#1255,#148,.F.);
#1536=EDGE_CURVE('',#1255,#1251,#634,.F.);
#1537=EDGE_CURVE('',#1256,#1256,#149,.T.);
#1538=EDGE_CURVE('',#1257,#1226,#635,.T.);
#1539=EDGE_CURVE('',#1258,#1257,#636,.T.);
#1540=EDGE_CURVE('',#1236,#1258,#637,.T.);
#1541=EDGE_CURVE('',#1259,#1239,#638,.T.);
#1542=EDGE_CURVE('',#1260,#1259,#639,.T.);
#1543=EDGE_CURVE('',#1228,#1260,#640,.T.);
#1544=EDGE_CURVE('',#1259,#1261,#641,.T.);
#1545=EDGE_CURVE('',#1261,#1262,#150,.T.);
#1546=EDGE_CURVE('',#1262,#1260,#642,.F.);
#1547=EDGE_CURVE('',#1240,#1263,#643,.T.);
#1548=EDGE_CURVE('',#1263,#1264,#33,.T.);
#1549=EDGE_CURVE('',#1264,#1241,#644,.T.);
#1550=EDGE_CURVE('',#1263,#1265,#645,.T.);
#1551=EDGE_CURVE('',#1265,#1266,#34,.T.);
#1552=EDGE_CURVE('',#1266,#1264,#646,.T.);
#1553=EDGE_CURVE('',#1267,#1268,#21,.T.);
#1554=EDGE_CURVE('',#1267,#1266,#647,.T.);
#1555=EDGE_CURVE('',#1265,#1269,#648,.T.);
#1556=EDGE_CURVE('',#1269,#1270,#35,.T.);
#1557=EDGE_CURVE('',#1270,#1268,#649,.T.);
#1558=EDGE_CURVE('',#1269,#1271,#650,.T.);
#1559=EDGE_CURVE('',#1271,#1272,#36,.T.);
#1560=EDGE_CURVE('',#1272,#1270,#651,.T.);
#1561=EDGE_CURVE('',#1271,#1273,#652,.T.);
#1562=EDGE_CURVE('',#1273,#1274,#37,.T.);
#1563=EDGE_CURVE('',#1274,#1272,#653,.T.);
#1564=EDGE_CURVE('',#1273,#1275,#654,.T.);
#1565=EDGE_CURVE('',#1275,#1276,#38,.T.);
#1566=EDGE_CURVE('',#1276,#1274,#655,.T.);
#1567=EDGE_CURVE('',#1277,#1278,#22,.T.);
#1568=EDGE_CURVE('',#1277,#1276,#656,.T.);
#1569=EDGE_CURVE('',#1275,#1279,#657,.T.);
#1570=EDGE_CURVE('',#1279,#1280,#39,.T.);
#1571=EDGE_CURVE('',#1280,#1278,#658,.T.);
#1572=EDGE_CURVE('',#1279,#1281,#659,.T.);
#1573=EDGE_CURVE('',#1281,#1282,#40,.T.);
#1574=EDGE_CURVE('',#1282,#1280,#660,.T.);
#1575=EDGE_CURVE('',#1283,#1284,#151,.F.);
#1576=EDGE_CURVE('',#1285,#1283,#152,.F.);
#1577=EDGE_CURVE('',#1284,#1285,#153,.F.);
#1578=EDGE_CURVE('',#1286,#1287,#154,.F.);
#1579=EDGE_CURVE('',#1288,#1286,#155,.F.);
#1580=EDGE_CURVE('',#1287,#1288,#156,.F.);
#1581=EDGE_CURVE('',#1289,#1290,#157,.F.);
#1582=EDGE_CURVE('',#1291,#1289,#158,.F.);
#1583=EDGE_CURVE('',#1290,#1291,#159,.F.);
#1584=EDGE_CURVE('',#1283,#1291,#661,.T.);
#1585=EDGE_CURVE('',#1289,#1285,#662,.T.);
#1586=EDGE_CURVE('',#1292,#1293,#160,.F.);
#1587=EDGE_CURVE('',#1294,#1292,#161,.F.);
#1588=EDGE_CURVE('',#1293,#1294,#162,.F.);
#1589=EDGE_CURVE('',#1295,#1296,#163,.F.);
#1590=EDGE_CURVE('',#1297,#1295,#164,.F.);
#1591=EDGE_CURVE('',#1296,#1297,#165,.F.);
#1592=EDGE_CURVE('',#1286,#1297,#663,.T.);
#1593=EDGE_CURVE('',#1295,#1288,#664,.T.);
#1594=EDGE_CURVE('',#1298,#1299,#166,.F.);
#1595=EDGE_CURVE('',#1300,#1298,#167,.F.);
#1596=EDGE_CURVE('',#1299,#1300,#168,.F.);
#1597=EDGE_CURVE('',#1301,#1302,#23,.T.);
#1598=EDGE_CURVE('',#1301,#1300,#665,.T.);
#1599=EDGE_CURVE('',#1298,#1296,#666,.T.);
#1600=EDGE_CURVE('',#1297,#1303,#667,.T.);
#1601=EDGE_CURVE('',#1304,#1303,#24,.T.);
#1602=EDGE_CURVE('',#1305,#1304,#25,.T.);
#1603=EDGE_CURVE('',#1305,#1306,#668,.T.);
#1604=EDGE_CURVE('',#1302,#1306,#26,.T.);
#1605=EDGE_CURVE('',#1300,#1294,#669,.T.);
#1606=EDGE_CURVE('',#1292,#1299,#670,.T.);
#1607=EDGE_CURVE('',#1307,#1298,#671,.T.);
#1608=EDGE_CURVE('',#1299,#1308,#672,.T.);
#1609=EDGE_CURVE('',#1308,#1307,#41,.T.);
#1610=EDGE_CURVE('',#1291,#1295,#673,.T.);
#1611=EDGE_CURVE('',#1296,#1290,#674,.T.);
#1612=EDGE_CURVE('',#1262,#1250,#675,.T.);
#1613=EDGE_CURVE('',#1261,#1307,#676,.T.);
#1614=EDGE_CURVE('',#1308,#1249,#677,.T.);
#1615=EDGE_CURVE('',#1309,#1310,#27,.T.);
#1616=EDGE_CURVE('',#1309,#1286,#678,.T.);
#1617=EDGE_CURVE('',#1287,#1293,#679,.T.);
#1618=EDGE_CURVE('',#1294,#1311,#680,.T.);
#1619=EDGE_CURVE('',#1312,#1311,#28,.T.);
#1620=EDGE_CURVE('',#1312,#1310,#681,.T.);
#1621=EDGE_CURVE('',#1313,#1292,#682,.T.);
#1622=EDGE_CURVE('',#1293,#1314,#683,.T.);
#1623=EDGE_CURVE('',#1314,#1313,#42,.T.);
#1624=EDGE_CURVE('',#1315,#1289,#684,.T.);
#1625=EDGE_CURVE('',#1290,#1316,#685,.T.);
#1626=EDGE_CURVE('',#1316,#1315,#43,.T.);
#1627=EDGE_CURVE('',#1288,#1283,#686,.T.);
#1628=EDGE_CURVE('',#1284,#1287,#687,.T.);
#1629=EDGE_CURVE('',#1247,#1313,#688,.T.);
#1630=EDGE_CURVE('',#1314,#1317,#689,.T.);
#1631=EDGE_CURVE('',#1318,#1317,#169,.T.);
#1632=EDGE_CURVE('',#1244,#1318,#690,.T.);
#1633=EDGE_CURVE('',#1319,#1315,#691,.T.);
#1634=EDGE_CURVE('',#1316,#1320,#692,.T.);
#1635=EDGE_CURVE('',#1320,#1319,#44,.T.);
#1636=EDGE_CURVE('',#1281,#1284,#693,.T.);
#1637=EDGE_CURVE('',#1285,#1282,#694,.T.);
#1638=EDGE_CURVE('',#1321,#1322,#29,.T.);
#1639=EDGE_CURVE('',#1321,#1319,#695,.T.);
#1640=EDGE_CURVE('',#1320,#1323,#696,.T.);
#1641=EDGE_CURVE('',#1323,#1324,#45,.T.);
#1642=EDGE_CURVE('',#1324,#1325,#697,.T.);
#1643=EDGE_CURVE('',#1322,#1325,#30,.T.);
#1644=EDGE_CURVE('',#1326,#1324,#698,.T.);
#1645=EDGE_CURVE('',#1323,#1327,#699,.T.);
#1646=EDGE_CURVE('',#1327,#1326,#46,.T.);
#1647=EDGE_CURVE('',#1328,#1326,#700,.T.);
#1648=EDGE_CURVE('',#1327,#1329,#701,.T.);
#1649=EDGE_CURVE('',#1329,#1328,#47,.T.);
#1650=EDGE_CURVE('',#1330,#1328,#702,.T.);
#1651=EDGE_CURVE('',#1329,#1331,#703,.T.);
#1652=EDGE_CURVE('',#1331,#1330,#48,.T.);
#1653=EDGE_CURVE('',#1332,#1333,#31,.T.);
#1654=EDGE_CURVE('',#1332,#1330,#704,.T.);
#1655=EDGE_CURVE('',#1331,#1334,#705,.T.);
#1656=EDGE_CURVE('',#1334,#1335,#49,.T.);
#1657=EDGE_CURVE('',#1335,#1336,#706,.T.);
#1658=EDGE_CURVE('',#1333,#1336,#32,.T.);
#1659=EDGE_CURVE('',#1337,#1335,#707,.T.);
#1660=EDGE_CURVE('',#1334,#1338,#708,.T.);
#1661=EDGE_CURVE('',#1338,#1337,#50,.T.);
#1662=EDGE_CURVE('',#1242,#1337,#709,.T.);
#1663=EDGE_CURVE('',#1338,#1243,#710,.T.);
#1664=EDGE_CURVE('',#1304,#1339,#711,.T.);
#1665=EDGE_CURVE('',#1339,#1339,#170,.T.);
#1666=EDGE_CURVE('',#1303,#1309,#171,.T.);
#1667=EDGE_CURVE('',#1310,#1305,#172,.T.);
#1668=EDGE_CURVE('',#1311,#1301,#173,.T.);
#1669=EDGE_CURVE('',#1257,#1318,#712,.F.);
#1670=EDGE_CURVE('',#1317,#1258,#713,.T.);
#1671=EDGE_CURVE('',#1315,#1282,#714,.T.);
#1672=EDGE_CURVE('',#1319,#1280,#715,.T.);
#1673=EDGE_CURVE('',#1278,#1321,#174,.T.);
#1674=EDGE_CURVE('',#1322,#1340,#716,.T.);
#1675=EDGE_CURVE('',#1340,#1340,#175,.T.);
#1676=EDGE_CURVE('',#1325,#1277,#176,.T.);
#1677=EDGE_CURVE('',#1324,#1276,#717,.T.);
#1678=EDGE_CURVE('',#1274,#1326,#718,.T.);
#1679=EDGE_CURVE('',#1328,#1272,#719,.T.);
#1680=EDGE_CURVE('',#1330,#1270,#720,.T.);
#1681=EDGE_CURVE('',#1268,#1332,#177,.T.);
#1682=EDGE_CURVE('',#1333,#1341,#721,.T.);
#1683=EDGE_CURVE('',#1341,#1341,#178,.T.);
#1684=EDGE_CURVE('',#1336,#1267,#179,.T.);
#1685=EDGE_CURVE('',#1335,#1266,#722,.T.);
#1686=EDGE_CURVE('',#1337,#1264,#723,.T.);
#1687=EDGE_CURVE('',#1342,#1343,#180,.T.);
#1688=EDGE_CURVE('',#1342,#1231,#724,.F.);
#1689=EDGE_CURVE('',#1344,#1230,#725,.T.);
#1690=EDGE_CURVE('',#1345,#1344,#181,.T.);
#1691=EDGE_CURVE('',#1345,#1343,#726,.T.);
#1692=EDGE_CURVE('',#1346,#1347,#727,.T.);
#1693=EDGE_CURVE('',#1348,#1346,#728,.T.);
#1694=EDGE_CURVE('',#1349,#1348,#729,.T.);
#1695=EDGE_CURVE('',#1347,#1349,#730,.T.);
#1696=EDGE_CURVE('',#1350,#1350,#182,.T.);
#1697=EDGE_CURVE('',#1351,#1347,#731,.T.);
#1698=EDGE_CURVE('',#1349,#1352,#732,.T.);
#1699=EDGE_CURVE('',#1352,#1351,#733,.T.);
#1700=EDGE_CURVE('',#1348,#1353,#734,.T.);
#1701=EDGE_CURVE('',#1353,#1352,#735,.T.);
#1702=EDGE_CURVE('',#1346,#1354,#736,.T.);
#1703=EDGE_CURVE('',#1354,#1353,#737,.T.);
#1704=EDGE_CURVE('',#1351,#1354,#738,.T.);
#1705=EDGE_CURVE('',#1355,#1355,#183,.T.);
#1706=EDGE_CURVE('',#1256,#1355,#739,.T.);
#1707=EDGE_CURVE('',#1350,#1356,#740,.T.);
#1708=EDGE_CURVE('',#1356,#1356,#184,.T.);
#1709=EDGE_CURVE('',#1357,#1358,#741,.T.);
#1710=EDGE_CURVE('',#1359,#1357,#742,.T.);
#1711=EDGE_CURVE('',#1360,#1359,#743,.T.);
#1712=EDGE_CURVE('',#1358,#1360,#744,.F.);
#1713=EDGE_CURVE('',#1342,#1357,#745,.F.);
#1714=EDGE_CURVE('',#1358,#1232,#746,.T.);
#1715=EDGE_CURVE('',#1361,#1343,#747,.T.);
#1716=EDGE_CURVE('',#1362,#1361,#185,.T.);
#1717=EDGE_CURVE('',#1362,#1359,#748,.T.);
#1718=EDGE_CURVE('',#1362,#1234,#749,.T.);
#1719=EDGE_CURVE('',#1233,#1360,#750,.T.);
#1720=EDGE_CURVE('',#1363,#1364,#751,.T.);
#1721=EDGE_CURVE('',#1363,#1365,#752,.T.);
#1722=EDGE_CURVE('',#1365,#1366,#753,.T.);
#1723=EDGE_CURVE('',#1364,#1366,#754,.T.);
#1724=EDGE_CURVE('',#1367,#1363,#755,.T.);
#1725=EDGE_CURVE('',#1367,#1368,#756,.T.);
#1726=EDGE_CURVE('',#1368,#1365,#757,.T.);
#1727=EDGE_CURVE('',#1369,#1367,#758,.T.);
#1728=EDGE_CURVE('',#1369,#1370,#759,.T.);
#1729=EDGE_CURVE('',#1370,#1368,#760,.T.);
#1730=EDGE_CURVE('',#1364,#1369,#761,.T.);
#1731=EDGE_CURVE('',#1366,#1370,#762,.T.);
#1732=EDGE_CURVE('',#1371,#1371,#186,.T.);
#1733=EDGE_CURVE('',#1372,#1372,#187,.F.);
#1734=EDGE_CURVE('',#1373,#1374,#763,.T.);
#1735=EDGE_CURVE('',#1374,#1375,#764,.T.);
#1736=EDGE_CURVE('',#1375,#1376,#765,.T.);
#1737=EDGE_CURVE('',#1373,#1376,#766,.T.);
#1738=EDGE_CURVE('',#1374,#1377,#767,.T.);
#1739=EDGE_CURVE('',#1377,#1378,#768,.T.);
#1740=EDGE_CURVE('',#1378,#1375,#769,.T.);
#1741=EDGE_CURVE('',#1377,#1379,#770,.T.);
#1742=EDGE_CURVE('',#1379,#1380,#771,.T.);
#1743=EDGE_CURVE('',#1380,#1378,#772,.T.);
#1744=EDGE_CURVE('',#1379,#1373,#773,.T.);
#1745=EDGE_CURVE('',#1376,#1380,#774,.T.);
#1746=EDGE_CURVE('',#1381,#1381,#188,.T.);
#1747=EDGE_CURVE('',#1382,#1382,#189,.F.);
#1748=EDGE_CURVE('',#1372,#1383,#775,.T.);
#1749=EDGE_CURVE('',#1383,#1383,#190,.T.);
#1750=EDGE_CURVE('',#1382,#1384,#776,.T.);
#1751=EDGE_CURVE('',#1384,#1384,#191,.T.);
#1752=EDGE_CURVE('',#1308,#1313,#777,.T.);
#1753=EDGE_CURVE('',#1385,#1253,#778,.T.);
#1754=EDGE_CURVE('',#1386,#1385,#779,.T.);
#1755=EDGE_CURVE('',#1386,#1254,#780,.T.);
#1756=EDGE_CURVE('',#1306,#1312,#192,.T.);
#1757=EDGE_CURVE('',#1387,#1345,#781,.T.);
#1758=EDGE_CURVE('',#1387,#1361,#782,.T.);
#1759=EDGE_CURVE('',#1388,#1387,#193,.T.);
#1760=EDGE_CURVE('',#1388,#1235,#783,.T.);
#1761=EDGE_CURVE('',#1389,#1388,#784,.T.);
#1762=EDGE_CURVE('',#1389,#1252,#785,.T.);
#1763=EDGE_CURVE('',#1385,#1389,#194,.T.);
#1764=EDGE_CURVE('',#1390,#1386,#195,.T.);
#1765=EDGE_CURVE('',#1390,#1255,#786,.T.);
#1766=EDGE_CURVE('',#1344,#1390,#787,.T.);
#1767=EDGE_CURVE('',#1340,#1339,#788,.T.);
#1768=EDGE_CURVE('',#1302,#1391,#789,.T.);
#1769=EDGE_CURVE('',#1391,#1391,#196,.T.);
#1770=EDGE_CURVE('',#1341,#1391,#790,.T.);
#1771=EDGE_CURVE('',#1392,#1393,#791,.T.);
#1772=EDGE_CURVE('',#1392,#1394,#792,.T.);
#1773=EDGE_CURVE('',#1394,#1395,#793,.T.);
#1774=EDGE_CURVE('',#1393,#1395,#794,.T.);
#1775=EDGE_CURVE('',#1396,#1392,#795,.T.);
#1776=EDGE_CURVE('',#1396,#1397,#796,.T.);
#1777=EDGE_CURVE('',#1397,#1394,#797,.T.);
#1778=EDGE_CURVE('',#1398,#1396,#798,.T.);
#1779=EDGE_CURVE('',#1398,#1399,#799,.T.);
#1780=EDGE_CURVE('',#1399,#1397,#800,.T.);
#1781=EDGE_CURVE('',#1393,#1398,#801,.T.);
#1782=EDGE_CURVE('',#1395,#1399,#802,.T.);
#1783=EDGE_CURVE('',#1400,#1400,#197,.T.);
#1784=EDGE_CURVE('',#1401,#1401,#198,.T.);
#1785=EDGE_CURVE('',#1402,#1403,#803,.T.);
#1786=EDGE_CURVE('',#1402,#1404,#804,.T.);
#1787=EDGE_CURVE('',#1404,#1405,#805,.T.);
#1788=EDGE_CURVE('',#1403,#1405,#806,.T.);
#1789=EDGE_CURVE('',#1406,#1402,#807,.T.);
#1790=EDGE_CURVE('',#1406,#1407,#808,.T.);
#1791=EDGE_CURVE('',#1407,#1404,#809,.T.);
#1792=EDGE_CURVE('',#1408,#1406,#810,.T.);
#1793=EDGE_CURVE('',#1408,#1409,#811,.T.);
#1794=EDGE_CURVE('',#1409,#1407,#812,.T.);
#1795=EDGE_CURVE('',#1403,#1408,#813,.T.);
#1796=EDGE_CURVE('',#1405,#1409,#814,.T.);
#1797=EDGE_CURVE('',#1410,#1410,#199,.T.);
#1798=EDGE_CURVE('',#1411,#1411,#200,.T.);
#1799=EDGE_CURVE('',#1401,#1412,#815,.T.);
#1800=EDGE_CURVE('',#1412,#1412,#201,.T.);
#1801=EDGE_CURVE('',#1411,#1413,#816,.T.);
#1802=EDGE_CURVE('',#1413,#1413,#202,.T.);
#1803=EDGE_CURVE('',#1414,#1414,#203,.T.);
#1804=EDGE_CURVE('',#1414,#1400,#817,.T.);
#1805=EDGE_CURVE('',#1415,#1415,#204,.T.);
#1806=EDGE_CURVE('',#1415,#1410,#818,.T.);
#1807=EDGE_CURVE('',#1416,#1417,#205,.T.);
#1808=EDGE_CURVE('',#1418,#1417,#819,.T.);
#1809=EDGE_CURVE('',#1418,#1419,#820,.F.);
#1810=EDGE_CURVE('',#1419,#1420,#821,.F.);
#1811=EDGE_CURVE('',#1420,#1421,#206,.T.);
#1812=EDGE_CURVE('',#1422,#1421,#822,.T.);
#1813=EDGE_CURVE('',#1422,#1423,#823,.F.);
#1814=EDGE_CURVE('',#1423,#1424,#824,.F.);
#1815=EDGE_CURVE('',#1424,#1425,#207,.T.);
#1816=EDGE_CURVE('',#1426,#1425,#825,.T.);
#1817=EDGE_CURVE('',#1426,#1427,#826,.F.);
#1818=EDGE_CURVE('',#1427,#1428,#827,.F.);
#1819=EDGE_CURVE('',#1428,#1429,#208,.T.);
#1820=EDGE_CURVE('',#1430,#1429,#828,.T.);
#1821=EDGE_CURVE('',#1430,#1431,#829,.F.);
#1822=EDGE_CURVE('',#1431,#1432,#830,.T.);
#1823=EDGE_CURVE('',#1433,#1432,#831,.F.);
#1824=EDGE_CURVE('',#1433,#1434,#832,.T.);
#1825=EDGE_CURVE('',#1434,#1435,#833,.F.);
#1826=EDGE_CURVE('',#1435,#1416,#834,.F.);
#1827=EDGE_CURVE('',#1436,#1437,#209,.T.);
#1828=EDGE_CURVE('',#1438,#1437,#835,.T.);
#1829=EDGE_CURVE('',#1438,#1439,#836,.F.);
#1830=EDGE_CURVE('',#1439,#1440,#837,.T.);
#1831=EDGE_CURVE('',#1441,#1440,#838,.F.);
#1832=EDGE_CURVE('',#1441,#1442,#839,.T.);
#1833=EDGE_CURVE('',#1442,#1443,#840,.F.);
#1834=EDGE_CURVE('',#1443,#1444,#841,.F.);
#1835=EDGE_CURVE('',#1444,#1445,#210,.T.);
#1836=EDGE_CURVE('',#1446,#1445,#842,.T.);
#1837=EDGE_CURVE('',#1446,#1447,#843,.F.);
#1838=EDGE_CURVE('',#1447,#1448,#844,.F.);
#1839=EDGE_CURVE('',#1448,#1449,#211,.T.);
#1840=EDGE_CURVE('',#1450,#1449,#845,.T.);
#1841=EDGE_CURVE('',#1450,#1451,#846,.F.);
#1842=EDGE_CURVE('',#1451,#1452,#847,.F.);
#1843=EDGE_CURVE('',#1452,#1453,#212,.T.);
#1844=EDGE_CURVE('',#1454,#1453,#848,.T.);
#1845=EDGE_CURVE('',#1454,#1455,#849,.F.);
#1846=EDGE_CURVE('',#1455,#1436,#850,.F.);
#1847=EDGE_CURVE('',#1424,#1449,#851,.T.);
#1848=EDGE_CURVE('',#1450,#1423,#852,.T.);
#1849=EDGE_CURVE('',#1420,#1453,#853,.T.);
#1850=EDGE_CURVE('',#1454,#1419,#854,.T.);
#1851=EDGE_CURVE('',#1444,#1429,#855,.T.);
#1852=EDGE_CURVE('',#1428,#1445,#856,.T.);
#1853=EDGE_CURVE('',#1430,#1443,#857,.T.);
#1854=EDGE_CURVE('',#1448,#1425,#858,.T.);
#1855=EDGE_CURVE('',#1426,#1447,#859,.T.);
#1856=EDGE_CURVE('',#1452,#1421,#860,.T.);
#1857=EDGE_CURVE('',#1422,#1451,#861,.T.);
#1858=EDGE_CURVE('',#1436,#1417,#862,.T.);
#1859=EDGE_CURVE('',#1416,#1437,#863,.T.);
#1860=EDGE_CURVE('',#1446,#1427,#864,.T.);
#1861=EDGE_CURVE('',#1418,#1455,#865,.T.);
#1862=EDGE_CURVE('',#1438,#1435,#866,.T.);
#1863=EDGE_CURVE('',#1442,#1456,#213,.T.);
#1864=EDGE_CURVE('',#1457,#1456,#867,.F.);
#1865=EDGE_CURVE('',#1457,#1431,#214,.T.);
#1866=EDGE_CURVE('',#1434,#1458,#215,.T.);
#1867=EDGE_CURVE('',#1459,#1458,#868,.F.);
#1868=EDGE_CURVE('',#1459,#1439,#216,.T.);
#1869=EDGE_CURVE('',#1460,#1433,#217,.F.);
#1870=EDGE_CURVE('',#1458,#1460,#869,.T.);
#1871=EDGE_CURVE('',#1461,#1459,#870,.T.);
#1872=EDGE_CURVE('',#1440,#1461,#218,.F.);
#1873=EDGE_CURVE('',#1462,#1441,#219,.F.);
#1874=EDGE_CURVE('',#1456,#1462,#871,.T.);
#1875=EDGE_CURVE('',#1463,#1457,#872,.T.);
#1876=EDGE_CURVE('',#1432,#1463,#220,.F.);
#1877=EDGE_CURVE('',#1463,#1462,#873,.F.);
#1878=EDGE_CURVE('',#1461,#1460,#874,.F.);
#1879=EDGE_CURVE('',#1464,#1464,#221,.T.);
#1880=EDGE_CURVE('',#1464,#1465,#875,.T.);
#1881=EDGE_CURVE('',#1465,#1465,#222,.F.);
#1882=EDGE_CURVE('',#1466,#1466,#223,.T.);
#1883=EDGE_CURVE('',#1467,#1467,#224,.T.);
#1884=EDGE_CURVE('',#1467,#1468,#876,.T.);
#1885=EDGE_CURVE('',#1468,#1468,#225,.F.);
#1886=EDGE_CURVE('',#1469,#1469,#226,.T.);
#1887=EDGE_CURVE('',#1470,#1471,#877,.F.);
#1888=EDGE_CURVE('',#1472,#1470,#878,.T.);
#1889=EDGE_CURVE('',#1473,#1472,#879,.F.);
#1890=EDGE_CURVE('',#1473,#1471,#880,.T.);
#1891=EDGE_CURVE('',#1474,#1475,#881,.F.);
#1892=EDGE_CURVE('',#1476,#1474,#882,.T.);
#1893=EDGE_CURVE('',#1477,#1476,#883,.F.);
#1894=EDGE_CURVE('',#1477,#1475,#884,.F.);
#1895=EDGE_CURVE('',#1478,#1479,#227,.T.);
#1896=EDGE_CURVE('',#1480,#1478,#885,.T.);
#1897=EDGE_CURVE('',#1481,#1480,#228,.T.);
#1898=EDGE_CURVE('',#1482,#1481,#886,.T.);
#1899=EDGE_CURVE('',#1483,#1482,#229,.T.);
#1900=EDGE_CURVE('',#1484,#1483,#887,.T.);
#1901=EDGE_CURVE('',#1485,#1484,#230,.T.);
#1902=EDGE_CURVE('',#1479,#1485,#888,.T.);
#1903=EDGE_CURVE('',#1486,#1487,#889,.F.);
#1904=EDGE_CURVE('',#1487,#1488,#890,.F.);
#1905=EDGE_CURVE('',#1488,#1489,#891,.F.);
#1906=EDGE_CURVE('',#1489,#1486,#892,.F.);
#1907=EDGE_CURVE('',#1475,#1470,#893,.F.);
#1908=EDGE_CURVE('',#1471,#1474,#894,.F.);
#1909=EDGE_CURVE('',#1490,#1487,#895,.F.);
#1910=EDGE_CURVE('',#1491,#1490,#896,.F.);
#1911=EDGE_CURVE('',#1491,#1488,#897,.T.);
#1912=EDGE_CURVE('',#1492,#1489,#898,.F.);
#1913=EDGE_CURVE('',#1493,#1492,#899,.F.);
#1914=EDGE_CURVE('',#1493,#1486,#900,.F.);
#1915=EDGE_CURVE('',#1466,#1371,#901,.T.);
#1916=EDGE_CURVE('',#1469,#1381,#902,.T.);
#1917=EDGE_CURVE('',#1476,#1473,#903,.F.);
#1918=EDGE_CURVE('',#1477,#1472,#904,.T.);
#1919=EDGE_CURVE('',#1492,#1491,#905,.F.);
#1920=EDGE_CURVE('',#1493,#1490,#906,.T.);
#1921=EDGE_CURVE('',#1494,#1495,#231,.T.);
#1922=EDGE_CURVE('',#1495,#1478,#907,.T.);
#1923=EDGE_CURVE('',#1479,#1494,#908,.T.);
#1924=EDGE_CURVE('',#1496,#1495,#909,.T.);
#1925=EDGE_CURVE('',#1480,#1496,#910,.T.);
#1926=EDGE_CURVE('',#1496,#1497,#232,.T.);
#1927=EDGE_CURVE('',#1497,#1481,#911,.T.);
#1928=EDGE_CURVE('',#1498,#1499,#233,.T.);
#1929=EDGE_CURVE('',#1499,#1485,#912,.T.);
#1930=EDGE_CURVE('',#1484,#1498,#913,.T.);
#1931=EDGE_CURVE('',#1500,#1483,#914,.T.);
#1932=EDGE_CURVE('',#1498,#1500,#915,.T.);
#1933=EDGE_CURVE('',#1501,#1500,#234,.T.);
#1934=EDGE_CURVE('',#1482,#1501,#916,.T.);
#1935=EDGE_CURVE('',#1501,#1497,#917,.T.);
#1936=EDGE_CURVE('',#1494,#1499,#918,.T.);
#1937=ORIENTED_EDGE('',*,*,#1502,.F.);
#1938=ORIENTED_EDGE('',*,*,#1503,.T.);
#1939=ORIENTED_EDGE('',*,*,#1504,.T.);
#1940=ORIENTED_EDGE('',*,*,#1505,.T.);
#1941=ORIENTED_EDGE('',*,*,#1505,.F.);
#1942=ORIENTED_EDGE('',*,*,#1506,.T.);
#1943=ORIENTED_EDGE('',*,*,#1507,.T.);
#1944=ORIENTED_EDGE('',*,*,#1508,.T.);
#1945=ORIENTED_EDGE('',*,*,#1509,.T.);
#1946=ORIENTED_EDGE('',*,*,#1510,.F.);
#1947=ORIENTED_EDGE('',*,*,#1511,.T.);
#1948=ORIENTED_EDGE('',*,*,#1512,.T.);
#1949=ORIENTED_EDGE('',*,*,#1513,.T.);
#1950=ORIENTED_EDGE('',*,*,#1514,.T.);
#1951=ORIENTED_EDGE('',*,*,#1515,.T.);
#1952=ORIENTED_EDGE('',*,*,#1516,.T.);
#1953=ORIENTED_EDGE('',*,*,#1514,.F.);
#1954=ORIENTED_EDGE('',*,*,#1517,.F.);
#1955=ORIENTED_EDGE('',*,*,#1518,.F.);
#1956=ORIENTED_EDGE('',*,*,#1519,.F.);
#1957=ORIENTED_EDGE('',*,*,#1520,.F.);
#1958=ORIENTED_EDGE('',*,*,#1521,.F.);
#1959=ORIENTED_EDGE('',*,*,#1522,.T.);
#1960=ORIENTED_EDGE('',*,*,#1523,.T.);
#1961=ORIENTED_EDGE('',*,*,#1524,.T.);
#1962=ORIENTED_EDGE('',*,*,#1525,.T.);
#1963=ORIENTED_EDGE('',*,*,#1524,.F.);
#1964=ORIENTED_EDGE('',*,*,#1526,.T.);
#1965=ORIENTED_EDGE('',*,*,#1527,.T.);
#1966=ORIENTED_EDGE('',*,*,#1528,.T.);
#1967=ORIENTED_EDGE('',*,*,#1529,.F.);
#1968=ORIENTED_EDGE('',*,*,#1530,.T.);
#1969=ORIENTED_EDGE('',*,*,#1527,.F.);
#1970=ORIENTED_EDGE('',*,*,#1531,.T.);
#1971=ORIENTED_EDGE('',*,*,#1531,.F.);
#1972=ORIENTED_EDGE('',*,*,#1526,.F.);
#1973=ORIENTED_EDGE('',*,*,#1523,.F.);
#1974=ORIENTED_EDGE('',*,*,#1532,.T.);
#1975=ORIENTED_EDGE('',*,*,#1533,.T.);
#1976=ORIENTED_EDGE('',*,*,#1534,.F.);
#1977=ORIENTED_EDGE('',*,*,#1535,.T.);
#1978=ORIENTED_EDGE('',*,*,#1536,.T.);
#1979=ORIENTED_EDGE('',*,*,#1537,.T.);
#1980=ORIENTED_EDGE('',*,*,#1538,.F.);
#1981=ORIENTED_EDGE('',*,*,#1539,.F.);
#1982=ORIENTED_EDGE('',*,*,#1540,.F.);
#1983=ORIENTED_EDGE('',*,*,#1516,.F.);
#1984=ORIENTED_EDGE('',*,*,#1541,.F.);
#1985=ORIENTED_EDGE('',*,*,#1542,.F.);
#1986=ORIENTED_EDGE('',*,*,#1543,.F.);
#1987=ORIENTED_EDGE('',*,*,#1503,.F.);
#1988=ORIENTED_EDGE('',*,*,#1542,.T.);
#1989=ORIENTED_EDGE('',*,*,#1544,.T.);
#1990=ORIENTED_EDGE('',*,*,#1545,.T.);
#1991=ORIENTED_EDGE('',*,*,#1546,.T.);
#1992=ORIENTED_EDGE('',*,*,#1518,.T.);
#1993=ORIENTED_EDGE('',*,*,#1547,.T.);
#1994=ORIENTED_EDGE('',*,*,#1548,.T.);
#1995=ORIENTED_EDGE('',*,*,#1549,.T.);
#1996=ORIENTED_EDGE('',*,*,#1550,.T.);
#1997=ORIENTED_EDGE('',*,*,#1551,.T.);
#1998=ORIENTED_EDGE('',*,*,#1552,.T.);
#1999=ORIENTED_EDGE('',*,*,#1548,.F.);
#2000=ORIENTED_EDGE('',*,*,#1553,.F.);
#2001=ORIENTED_EDGE('',*,*,#1554,.T.);
#2002=ORIENTED_EDGE('',*,*,#1551,.F.);
#2003=ORIENTED_EDGE('',*,*,#1555,.T.);
#2004=ORIENTED_EDGE('',*,*,#1556,.T.);
#2005=ORIENTED_EDGE('',*,*,#1557,.T.);
#2006=ORIENTED_EDGE('',*,*,#1558,.T.);
#2007=ORIENTED_EDGE('',*,*,#1559,.T.);
#2008=ORIENTED_EDGE('',*,*,#1560,.T.);
#2009=ORIENTED_EDGE('',*,*,#1556,.F.);
#2010=ORIENTED_EDGE('',*,*,#1561,.T.);
#2011=ORIENTED_EDGE('',*,*,#1562,.T.);
#2012=ORIENTED_EDGE('',*,*,#1563,.T.);
#2013=ORIENTED_EDGE('',*,*,#1559,.F.);
#2014=ORIENTED_EDGE('',*,*,#1564,.T.);
#2015=ORIENTED_EDGE('',*,*,#1565,.T.);
#2016=ORIENTED_EDGE('',*,*,#1566,.T.);
#2017=ORIENTED_EDGE('',*,*,#1562,.F.);
#2018=ORIENTED_EDGE('',*,*,#1567,.F.);
#2019=ORIENTED_EDGE('',*,*,#1568,.T.);
#2020=ORIENTED_EDGE('',*,*,#1565,.F.);
#2021=ORIENTED_EDGE('',*,*,#1569,.T.);
#2022=ORIENTED_EDGE('',*,*,#1570,.T.);
#2023=ORIENTED_EDGE('',*,*,#1571,.T.);
#2024=ORIENTED_EDGE('',*,*,#1572,.T.);
#2025=ORIENTED_EDGE('',*,*,#1573,.T.);
#2026=ORIENTED_EDGE('',*,*,#1574,.T.);
#2027=ORIENTED_EDGE('',*,*,#1570,.F.);
#2028=ORIENTED_EDGE('',*,*,#1575,.F.);
#2029=ORIENTED_EDGE('',*,*,#1576,.F.);
#2030=ORIENTED_EDGE('',*,*,#1577,.F.);
#2031=ORIENTED_EDGE('',*,*,#1578,.F.);
#2032=ORIENTED_EDGE('',*,*,#1579,.F.);
#2033=ORIENTED_EDGE('',*,*,#1580,.F.);
#2034=ORIENTED_EDGE('',*,*,#1581,.F.);
#2035=ORIENTED_EDGE('',*,*,#1582,.F.);
#2036=ORIENTED_EDGE('',*,*,#1583,.F.);
#2037=ORIENTED_EDGE('',*,*,#1576,.T.);
#2038=ORIENTED_EDGE('',*,*,#1584,.T.);
#2039=ORIENTED_EDGE('',*,*,#1582,.T.);
#2040=ORIENTED_EDGE('',*,*,#1585,.T.);
#2041=ORIENTED_EDGE('',*,*,#1586,.F.);
#2042=ORIENTED_EDGE('',*,*,#1587,.F.);
#2043=ORIENTED_EDGE('',*,*,#1588,.F.);
#2044=ORIENTED_EDGE('',*,*,#1589,.F.);
#2045=ORIENTED_EDGE('',*,*,#1590,.F.);
#2046=ORIENTED_EDGE('',*,*,#1591,.F.);
#2047=ORIENTED_EDGE('',*,*,#1579,.T.);
#2048=ORIENTED_EDGE('',*,*,#1592,.T.);
#2049=ORIENTED_EDGE('',*,*,#1590,.T.);
#2050=ORIENTED_EDGE('',*,*,#1593,.T.);
#2051=ORIENTED_EDGE('',*,*,#1594,.F.);
#2052=ORIENTED_EDGE('',*,*,#1595,.F.);
#2053=ORIENTED_EDGE('',*,*,#1596,.F.);
#2054=ORIENTED_EDGE('',*,*,#1597,.F.);
#2055=ORIENTED_EDGE('',*,*,#1598,.T.);
#2056=ORIENTED_EDGE('',*,*,#1595,.T.);
#2057=ORIENTED_EDGE('',*,*,#1599,.T.);
#2058=ORIENTED_EDGE('',*,*,#1591,.T.);
#2059=ORIENTED_EDGE('',*,*,#1600,.T.);
#2060=ORIENTED_EDGE('',*,*,#1601,.F.);
#2061=ORIENTED_EDGE('',*,*,#1602,.F.);
#2062=ORIENTED_EDGE('',*,*,#1603,.T.);
#2063=ORIENTED_EDGE('',*,*,#1604,.F.);
#2064=ORIENTED_EDGE('',*,*,#1596,.T.);
#2065=ORIENTED_EDGE('',*,*,#1605,.T.);
#2066=ORIENTED_EDGE('',*,*,#1587,.T.);
#2067=ORIENTED_EDGE('',*,*,#1606,.T.);
#2068=ORIENTED_EDGE('',*,*,#1607,.T.);
#2069=ORIENTED_EDGE('',*,*,#1594,.T.);
#2070=ORIENTED_EDGE('',*,*,#1608,.T.);
#2071=ORIENTED_EDGE('',*,*,#1609,.T.);
#2072=ORIENTED_EDGE('',*,*,#1583,.T.);
#2073=ORIENTED_EDGE('',*,*,#1610,.T.);
#2074=ORIENTED_EDGE('',*,*,#1589,.T.);
#2075=ORIENTED_EDGE('',*,*,#1611,.T.);
#2076=ORIENTED_EDGE('',*,*,#1612,.F.);
#2077=ORIENTED_EDGE('',*,*,#1545,.F.);
#2078=ORIENTED_EDGE('',*,*,#1613,.T.);
#2079=ORIENTED_EDGE('',*,*,#1609,.F.);
#2080=ORIENTED_EDGE('',*,*,#1614,.T.);
#2081=ORIENTED_EDGE('',*,*,#1530,.F.);
#2082=ORIENTED_EDGE('',*,*,#1615,.F.);
#2083=ORIENTED_EDGE('',*,*,#1616,.T.);
#2084=ORIENTED_EDGE('',*,*,#1578,.T.);
#2085=ORIENTED_EDGE('',*,*,#1617,.T.);
#2086=ORIENTED_EDGE('',*,*,#1588,.T.);
#2087=ORIENTED_EDGE('',*,*,#1618,.T.);
#2088=ORIENTED_EDGE('',*,*,#1619,.F.);
#2089=ORIENTED_EDGE('',*,*,#1620,.T.);
#2090=ORIENTED_EDGE('',*,*,#1621,.T.);
#2091=ORIENTED_EDGE('',*,*,#1586,.T.);
#2092=ORIENTED_EDGE('',*,*,#1622,.T.);
#2093=ORIENTED_EDGE('',*,*,#1623,.T.);
#2094=ORIENTED_EDGE('',*,*,#1624,.T.);
#2095=ORIENTED_EDGE('',*,*,#1581,.T.);
#2096=ORIENTED_EDGE('',*,*,#1625,.T.);
#2097=ORIENTED_EDGE('',*,*,#1626,.T.);
#2098=ORIENTED_EDGE('',*,*,#1580,.T.);
#2099=ORIENTED_EDGE('',*,*,#1627,.T.);
#2100=ORIENTED_EDGE('',*,*,#1575,.T.);
#2101=ORIENTED_EDGE('',*,*,#1628,.T.);
#2102=ORIENTED_EDGE('',*,*,#1525,.F.);
#2103=ORIENTED_EDGE('',*,*,#1629,.T.);
#2104=ORIENTED_EDGE('',*,*,#1623,.F.);
#2105=ORIENTED_EDGE('',*,*,#1630,.T.);
#2106=ORIENTED_EDGE('',*,*,#1631,.F.);
#2107=ORIENTED_EDGE('',*,*,#1632,.F.);
#2108=ORIENTED_EDGE('',*,*,#1633,.T.);
#2109=ORIENTED_EDGE('',*,*,#1626,.F.);
#2110=ORIENTED_EDGE('',*,*,#1634,.T.);
#2111=ORIENTED_EDGE('',*,*,#1635,.T.);
#2112=ORIENTED_EDGE('',*,*,#1636,.T.);
#2113=ORIENTED_EDGE('',*,*,#1577,.T.);
#2114=ORIENTED_EDGE('',*,*,#1637,.T.);
#2115=ORIENTED_EDGE('',*,*,#1573,.F.);
#2116=ORIENTED_EDGE('',*,*,#1638,.F.);
#2117=ORIENTED_EDGE('',*,*,#1639,.T.);
#2118=ORIENTED_EDGE('',*,*,#1635,.F.);
#2119=ORIENTED_EDGE('',*,*,#1640,.T.);
#2120=ORIENTED_EDGE('',*,*,#1641,.T.);
#2121=ORIENTED_EDGE('',*,*,#1642,.T.);
#2122=ORIENTED_EDGE('',*,*,#1643,.F.);
#2123=ORIENTED_EDGE('',*,*,#1644,.T.);
#2124=ORIENTED_EDGE('',*,*,#1641,.F.);
#2125=ORIENTED_EDGE('',*,*,#1645,.T.);
#2126=ORIENTED_EDGE('',*,*,#1646,.T.);
#2127=ORIENTED_EDGE('',*,*,#1647,.T.);
#2128=ORIENTED_EDGE('',*,*,#1646,.F.);
#2129=ORIENTED_EDGE('',*,*,#1648,.T.);
#2130=ORIENTED_EDGE('',*,*,#1649,.T.);
#2131=ORIENTED_EDGE('',*,*,#1650,.T.);
#2132=ORIENTED_EDGE('',*,*,#1649,.F.);
#2133=ORIENTED_EDGE('',*,*,#1651,.T.);
#2134=ORIENTED_EDGE('',*,*,#1652,.T.);
#2135=ORIENTED_EDGE('',*,*,#1653,.F.);
#2136=ORIENTED_EDGE('',*,*,#1654,.T.);
#2137=ORIENTED_EDGE('',*,*,#1652,.F.);
#2138=ORIENTED_EDGE('',*,*,#1655,.T.);
#2139=ORIENTED_EDGE('',*,*,#1656,.T.);
#2140=ORIENTED_EDGE('',*,*,#1657,.T.);
#2141=ORIENTED_EDGE('',*,*,#1658,.F.);
#2142=ORIENTED_EDGE('',*,*,#1659,.T.);
#2143=ORIENTED_EDGE('',*,*,#1656,.F.);
#2144=ORIENTED_EDGE('',*,*,#1660,.T.);
#2145=ORIENTED_EDGE('',*,*,#1661,.T.);
#2146=ORIENTED_EDGE('',*,*,#1520,.T.);
#2147=ORIENTED_EDGE('',*,*,#1662,.T.);
#2148=ORIENTED_EDGE('',*,*,#1661,.F.);
#2149=ORIENTED_EDGE('',*,*,#1663,.T.);
#2150=ORIENTED_EDGE('',*,*,#1602,.T.);
#2151=ORIENTED_EDGE('',*,*,#1664,.T.);
#2152=ORIENTED_EDGE('',*,*,#1665,.T.);
#2153=ORIENTED_EDGE('',*,*,#1664,.F.);
#2154=ORIENTED_EDGE('',*,*,#1601,.T.);
#2155=ORIENTED_EDGE('',*,*,#1666,.T.);
#2156=ORIENTED_EDGE('',*,*,#1615,.T.);
#2157=ORIENTED_EDGE('',*,*,#1667,.T.);
#2158=ORIENTED_EDGE('',*,*,#1600,.F.);
#2159=ORIENTED_EDGE('',*,*,#1592,.F.);
#2160=ORIENTED_EDGE('',*,*,#1616,.F.);
#2161=ORIENTED_EDGE('',*,*,#1666,.F.);
#2162=ORIENTED_EDGE('',*,*,#1598,.F.);
#2163=ORIENTED_EDGE('',*,*,#1668,.F.);
#2164=ORIENTED_EDGE('',*,*,#1618,.F.);
#2165=ORIENTED_EDGE('',*,*,#1605,.F.);
#2166=ORIENTED_EDGE('',*,*,#1539,.T.);
#2167=ORIENTED_EDGE('',*,*,#1669,.T.);
#2168=ORIENTED_EDGE('',*,*,#1631,.T.);
#2169=ORIENTED_EDGE('',*,*,#1670,.T.);
#2170=ORIENTED_EDGE('',*,*,#1637,.F.);
#2171=ORIENTED_EDGE('',*,*,#1585,.F.);
#2172=ORIENTED_EDGE('',*,*,#1624,.F.);
#2173=ORIENTED_EDGE('',*,*,#1671,.T.);
#2174=ORIENTED_EDGE('',*,*,#1574,.F.);
#2175=ORIENTED_EDGE('',*,*,#1671,.F.);
#2176=ORIENTED_EDGE('',*,*,#1633,.F.);
#2177=ORIENTED_EDGE('',*,*,#1672,.T.);
#2178=ORIENTED_EDGE('',*,*,#1567,.T.);
#2179=ORIENTED_EDGE('',*,*,#1673,.T.);
#2180=ORIENTED_EDGE('',*,*,#1638,.T.);
#2181=ORIENTED_EDGE('',*,*,#1674,.T.);
#2182=ORIENTED_EDGE('',*,*,#1675,.T.);
#2183=ORIENTED_EDGE('',*,*,#1674,.F.);
#2184=ORIENTED_EDGE('',*,*,#1643,.T.);
#2185=ORIENTED_EDGE('',*,*,#1676,.T.);
#2186=ORIENTED_EDGE('',*,*,#1571,.F.);
#2187=ORIENTED_EDGE('',*,*,#1672,.F.);
#2188=ORIENTED_EDGE('',*,*,#1639,.F.);
#2189=ORIENTED_EDGE('',*,*,#1673,.F.);
#2190=ORIENTED_EDGE('',*,*,#1568,.F.);
#2191=ORIENTED_EDGE('',*,*,#1676,.F.);
#2192=ORIENTED_EDGE('',*,*,#1642,.F.);
#2193=ORIENTED_EDGE('',*,*,#1677,.T.);
#2194=ORIENTED_EDGE('',*,*,#1566,.F.);
#2195=ORIENTED_EDGE('',*,*,#1677,.F.);
#2196=ORIENTED_EDGE('',*,*,#1644,.F.);
#2197=ORIENTED_EDGE('',*,*,#1678,.F.);
#2198=ORIENTED_EDGE('',*,*,#1563,.F.);
#2199=ORIENTED_EDGE('',*,*,#1678,.T.);
#2200=ORIENTED_EDGE('',*,*,#1647,.F.);
#2201=ORIENTED_EDGE('',*,*,#1679,.T.);
#2202=ORIENTED_EDGE('',*,*,#1560,.F.);
#2203=ORIENTED_EDGE('',*,*,#1679,.F.);
#2204=ORIENTED_EDGE('',*,*,#1650,.F.);
#2205=ORIENTED_EDGE('',*,*,#1680,.T.);
#2206=ORIENTED_EDGE('',*,*,#1553,.T.);
#2207=ORIENTED_EDGE('',*,*,#1681,.T.);
#2208=ORIENTED_EDGE('',*,*,#1653,.T.);
#2209=ORIENTED_EDGE('',*,*,#1682,.T.);
#2210=ORIENTED_EDGE('',*,*,#1683,.T.);
#2211=ORIENTED_EDGE('',*,*,#1682,.F.);
#2212=ORIENTED_EDGE('',*,*,#1658,.T.);
#2213=ORIENTED_EDGE('',*,*,#1684,.T.);
#2214=ORIENTED_EDGE('',*,*,#1557,.F.);
#2215=ORIENTED_EDGE('',*,*,#1680,.F.);
#2216=ORIENTED_EDGE('',*,*,#1654,.F.);
#2217=ORIENTED_EDGE('',*,*,#1681,.F.);
#2218=ORIENTED_EDGE('',*,*,#1554,.F.);
#2219=ORIENTED_EDGE('',*,*,#1684,.F.);
#2220=ORIENTED_EDGE('',*,*,#1657,.F.);
#2221=ORIENTED_EDGE('',*,*,#1685,.T.);
#2222=ORIENTED_EDGE('',*,*,#1552,.F.);
#2223=ORIENTED_EDGE('',*,*,#1685,.F.);
#2224=ORIENTED_EDGE('',*,*,#1659,.F.);
#2225=ORIENTED_EDGE('',*,*,#1686,.T.);
#2226=ORIENTED_EDGE('',*,*,#1519,.T.);
#2227=ORIENTED_EDGE('',*,*,#1549,.F.);
#2228=ORIENTED_EDGE('',*,*,#1686,.F.);
#2229=ORIENTED_EDGE('',*,*,#1662,.F.);
#2230=ORIENTED_EDGE('',*,*,#1593,.F.);
#2231=ORIENTED_EDGE('',*,*,#1610,.F.);
#2232=ORIENTED_EDGE('',*,*,#1584,.F.);
#2233=ORIENTED_EDGE('',*,*,#1627,.F.);
#2234=ORIENTED_EDGE('',*,*,#1687,.F.);
#2235=ORIENTED_EDGE('',*,*,#1688,.T.);
#2236=ORIENTED_EDGE('',*,*,#1507,.F.);
#2237=ORIENTED_EDGE('',*,*,#1689,.F.);
#2238=ORIENTED_EDGE('',*,*,#1690,.F.);
#2239=ORIENTED_EDGE('',*,*,#1691,.T.);
#2240=ORIENTED_EDGE('',*,*,#1692,.F.);
#2241=ORIENTED_EDGE('',*,*,#1693,.F.);
#2242=ORIENTED_EDGE('',*,*,#1694,.F.);
#2243=ORIENTED_EDGE('',*,*,#1695,.F.);
#2244=ORIENTED_EDGE('',*,*,#1696,.F.);
#2245=ORIENTED_EDGE('',*,*,#1697,.T.);
#2246=ORIENTED_EDGE('',*,*,#1695,.T.);
#2247=ORIENTED_EDGE('',*,*,#1698,.T.);
#2248=ORIENTED_EDGE('',*,*,#1699,.T.);
#2249=ORIENTED_EDGE('',*,*,#1698,.F.);
#2250=ORIENTED_EDGE('',*,*,#1694,.T.);
#2251=ORIENTED_EDGE('',*,*,#1700,.T.);
#2252=ORIENTED_EDGE('',*,*,#1701,.T.);
#2253=ORIENTED_EDGE('',*,*,#1700,.F.);
#2254=ORIENTED_EDGE('',*,*,#1693,.T.);
#2255=ORIENTED_EDGE('',*,*,#1702,.T.);
#2256=ORIENTED_EDGE('',*,*,#1703,.T.);
#2257=ORIENTED_EDGE('',*,*,#1702,.F.);
#2258=ORIENTED_EDGE('',*,*,#1692,.T.);
#2259=ORIENTED_EDGE('',*,*,#1697,.F.);
#2260=ORIENTED_EDGE('',*,*,#1704,.T.);
#2261=ORIENTED_EDGE('',*,*,#1704,.F.);
#2262=ORIENTED_EDGE('',*,*,#1699,.F.);
#2263=ORIENTED_EDGE('',*,*,#1701,.F.);
#2264=ORIENTED_EDGE('',*,*,#1703,.F.);
#2265=ORIENTED_EDGE('',*,*,#1705,.F.);
#2266=ORIENTED_EDGE('',*,*,#1537,.F.);
#2267=ORIENTED_EDGE('',*,*,#1706,.T.);
#2268=ORIENTED_EDGE('',*,*,#1705,.T.);
#2269=ORIENTED_EDGE('',*,*,#1706,.F.);
#2270=ORIENTED_EDGE('',*,*,#1696,.T.);
#2271=ORIENTED_EDGE('',*,*,#1707,.T.);
#2272=ORIENTED_EDGE('',*,*,#1708,.T.);
#2273=ORIENTED_EDGE('',*,*,#1707,.F.);
#2274=ORIENTED_EDGE('',*,*,#1708,.F.);
#2275=ORIENTED_EDGE('',*,*,#1709,.F.);
#2276=ORIENTED_EDGE('',*,*,#1710,.F.);
#2277=ORIENTED_EDGE('',*,*,#1711,.F.);
#2278=ORIENTED_EDGE('',*,*,#1712,.F.);
#2279=ORIENTED_EDGE('',*,*,#1713,.T.);
#2280=ORIENTED_EDGE('',*,*,#1709,.T.);
#2281=ORIENTED_EDGE('',*,*,#1714,.T.);
#2282=ORIENTED_EDGE('',*,*,#1508,.F.);
#2283=ORIENTED_EDGE('',*,*,#1688,.F.);
#2284=ORIENTED_EDGE('',*,*,#1687,.T.);
#2285=ORIENTED_EDGE('',*,*,#1715,.F.);
#2286=ORIENTED_EDGE('',*,*,#1716,.F.);
#2287=ORIENTED_EDGE('',*,*,#1717,.T.);
#2288=ORIENTED_EDGE('',*,*,#1710,.T.);
#2289=ORIENTED_EDGE('',*,*,#1713,.F.);
#2290=ORIENTED_EDGE('',*,*,#1718,.T.);
#2291=ORIENTED_EDGE('',*,*,#1510,.T.);
#2292=ORIENTED_EDGE('',*,*,#1719,.T.);
#2293=ORIENTED_EDGE('',*,*,#1711,.T.);
#2294=ORIENTED_EDGE('',*,*,#1717,.F.);
#2295=ORIENTED_EDGE('',*,*,#1712,.T.);
#2296=ORIENTED_EDGE('',*,*,#1719,.F.);
#2297=ORIENTED_EDGE('',*,*,#1509,.F.);
#2298=ORIENTED_EDGE('',*,*,#1714,.F.);
#2299=ORIENTED_EDGE('',*,*,#1720,.F.);
#2300=ORIENTED_EDGE('',*,*,#1721,.T.);
#2301=ORIENTED_EDGE('',*,*,#1722,.T.);
#2302=ORIENTED_EDGE('',*,*,#1723,.F.);
#2303=ORIENTED_EDGE('',*,*,#1724,.F.);
#2304=ORIENTED_EDGE('',*,*,#1725,.T.);
#2305=ORIENTED_EDGE('',*,*,#1726,.T.);
#2306=ORIENTED_EDGE('',*,*,#1721,.F.);
#2307=ORIENTED_EDGE('',*,*,#1727,.F.);
#2308=ORIENTED_EDGE('',*,*,#1728,.T.);
#2309=ORIENTED_EDGE('',*,*,#1729,.T.);
#2310=ORIENTED_EDGE('',*,*,#1725,.F.);
#2311=ORIENTED_EDGE('',*,*,#1730,.F.);
#2312=ORIENTED_EDGE('',*,*,#1723,.T.);
#2313=ORIENTED_EDGE('',*,*,#1731,.T.);
#2314=ORIENTED_EDGE('',*,*,#1728,.F.);
#2315=ORIENTED_EDGE('',*,*,#1731,.F.);
#2316=ORIENTED_EDGE('',*,*,#1722,.F.);
#2317=ORIENTED_EDGE('',*,*,#1726,.F.);
#2318=ORIENTED_EDGE('',*,*,#1729,.F.);
#2319=ORIENTED_EDGE('',*,*,#1732,.F.);
#2320=ORIENTED_EDGE('',*,*,#1730,.T.);
#2321=ORIENTED_EDGE('',*,*,#1727,.T.);
#2322=ORIENTED_EDGE('',*,*,#1724,.T.);
#2323=ORIENTED_EDGE('',*,*,#1720,.T.);
#2324=ORIENTED_EDGE('',*,*,#1733,.F.);
#2325=ORIENTED_EDGE('',*,*,#1734,.T.);
#2326=ORIENTED_EDGE('',*,*,#1735,.T.);
#2327=ORIENTED_EDGE('',*,*,#1736,.T.);
#2328=ORIENTED_EDGE('',*,*,#1737,.F.);
#2329=ORIENTED_EDGE('',*,*,#1738,.T.);
#2330=ORIENTED_EDGE('',*,*,#1739,.T.);
#2331=ORIENTED_EDGE('',*,*,#1740,.T.);
#2332=ORIENTED_EDGE('',*,*,#1735,.F.);
#2333=ORIENTED_EDGE('',*,*,#1741,.T.);
#2334=ORIENTED_EDGE('',*,*,#1742,.T.);
#2335=ORIENTED_EDGE('',*,*,#1743,.T.);
#2336=ORIENTED_EDGE('',*,*,#1739,.F.);
#2337=ORIENTED_EDGE('',*,*,#1744,.T.);
#2338=ORIENTED_EDGE('',*,*,#1737,.T.);
#2339=ORIENTED_EDGE('',*,*,#1745,.T.);
#2340=ORIENTED_EDGE('',*,*,#1742,.F.);
#2341=ORIENTED_EDGE('',*,*,#1745,.F.);
#2342=ORIENTED_EDGE('',*,*,#1736,.F.);
#2343=ORIENTED_EDGE('',*,*,#1740,.F.);
#2344=ORIENTED_EDGE('',*,*,#1743,.F.);
#2345=ORIENTED_EDGE('',*,*,#1746,.F.);
#2346=ORIENTED_EDGE('',*,*,#1744,.F.);
#2347=ORIENTED_EDGE('',*,*,#1741,.F.);
#2348=ORIENTED_EDGE('',*,*,#1738,.F.);
#2349=ORIENTED_EDGE('',*,*,#1734,.F.);
#2350=ORIENTED_EDGE('',*,*,#1747,.F.);
#2351=ORIENTED_EDGE('',*,*,#1733,.T.);
#2352=ORIENTED_EDGE('',*,*,#1748,.T.);
#2353=ORIENTED_EDGE('',*,*,#1749,.T.);
#2354=ORIENTED_EDGE('',*,*,#1748,.F.);
#2355=ORIENTED_EDGE('',*,*,#1747,.T.);
#2356=ORIENTED_EDGE('',*,*,#1750,.T.);
#2357=ORIENTED_EDGE('',*,*,#1751,.T.);
#2358=ORIENTED_EDGE('',*,*,#1750,.F.);
#2359=ORIENTED_EDGE('',*,*,#1621,.F.);
#2360=ORIENTED_EDGE('',*,*,#1752,.F.);
#2361=ORIENTED_EDGE('',*,*,#1608,.F.);
#2362=ORIENTED_EDGE('',*,*,#1606,.F.);
#2363=ORIENTED_EDGE('',*,*,#1528,.F.);
#2364=ORIENTED_EDGE('',*,*,#1614,.F.);
#2365=ORIENTED_EDGE('',*,*,#1752,.T.);
#2366=ORIENTED_EDGE('',*,*,#1629,.F.);
#2367=ORIENTED_EDGE('',*,*,#1540,.T.);
#2368=ORIENTED_EDGE('',*,*,#1670,.F.);
#2369=ORIENTED_EDGE('',*,*,#1630,.F.);
#2370=ORIENTED_EDGE('',*,*,#1622,.F.);
#2371=ORIENTED_EDGE('',*,*,#1617,.F.);
#2372=ORIENTED_EDGE('',*,*,#1628,.F.);
#2373=ORIENTED_EDGE('',*,*,#1636,.F.);
#2374=ORIENTED_EDGE('',*,*,#1572,.F.);
#2375=ORIENTED_EDGE('',*,*,#1569,.F.);
#2376=ORIENTED_EDGE('',*,*,#1564,.F.);
#2377=ORIENTED_EDGE('',*,*,#1561,.F.);
#2378=ORIENTED_EDGE('',*,*,#1558,.F.);
#2379=ORIENTED_EDGE('',*,*,#1555,.F.);
#2380=ORIENTED_EDGE('',*,*,#1550,.F.);
#2381=ORIENTED_EDGE('',*,*,#1547,.F.);
#2382=ORIENTED_EDGE('',*,*,#1517,.T.);
#2383=ORIENTED_EDGE('',*,*,#1513,.F.);
#2384=ORIENTED_EDGE('',*,*,#1534,.T.);
#2385=ORIENTED_EDGE('',*,*,#1753,.F.);
#2386=ORIENTED_EDGE('',*,*,#1754,.F.);
#2387=ORIENTED_EDGE('',*,*,#1755,.T.);
#2388=ORIENTED_EDGE('',*,*,#1603,.F.);
#2389=ORIENTED_EDGE('',*,*,#1667,.F.);
#2390=ORIENTED_EDGE('',*,*,#1620,.F.);
#2391=ORIENTED_EDGE('',*,*,#1756,.F.);
#2392=ORIENTED_EDGE('',*,*,#1691,.F.);
#2393=ORIENTED_EDGE('',*,*,#1757,.F.);
#2394=ORIENTED_EDGE('',*,*,#1758,.T.);
#2395=ORIENTED_EDGE('',*,*,#1715,.T.);
#2396=ORIENTED_EDGE('',*,*,#1716,.T.);
#2397=ORIENTED_EDGE('',*,*,#1758,.F.);
#2398=ORIENTED_EDGE('',*,*,#1759,.F.);
#2399=ORIENTED_EDGE('',*,*,#1760,.T.);
#2400=ORIENTED_EDGE('',*,*,#1511,.F.);
#2401=ORIENTED_EDGE('',*,*,#1718,.F.);
#2402=ORIENTED_EDGE('',*,*,#1761,.F.);
#2403=ORIENTED_EDGE('',*,*,#1762,.T.);
#2404=ORIENTED_EDGE('',*,*,#1532,.F.);
#2405=ORIENTED_EDGE('',*,*,#1522,.F.);
#2406=ORIENTED_EDGE('',*,*,#1632,.T.);
#2407=ORIENTED_EDGE('',*,*,#1669,.F.);
#2408=ORIENTED_EDGE('',*,*,#1538,.T.);
#2409=ORIENTED_EDGE('',*,*,#1502,.T.);
#2410=ORIENTED_EDGE('',*,*,#1512,.F.);
#2411=ORIENTED_EDGE('',*,*,#1760,.F.);
#2412=ORIENTED_EDGE('',*,*,#1763,.F.);
#2413=ORIENTED_EDGE('',*,*,#1753,.T.);
#2414=ORIENTED_EDGE('',*,*,#1533,.F.);
#2415=ORIENTED_EDGE('',*,*,#1762,.F.);
#2416=ORIENTED_EDGE('',*,*,#1764,.F.);
#2417=ORIENTED_EDGE('',*,*,#1765,.T.);
#2418=ORIENTED_EDGE('',*,*,#1535,.F.);
#2419=ORIENTED_EDGE('',*,*,#1755,.F.);
#2420=ORIENTED_EDGE('',*,*,#1766,.F.);
#2421=ORIENTED_EDGE('',*,*,#1689,.T.);
#2422=ORIENTED_EDGE('',*,*,#1506,.F.);
#2423=ORIENTED_EDGE('',*,*,#1504,.F.);
#2424=ORIENTED_EDGE('',*,*,#1543,.T.);
#2425=ORIENTED_EDGE('',*,*,#1546,.F.);
#2426=ORIENTED_EDGE('',*,*,#1612,.T.);
#2427=ORIENTED_EDGE('',*,*,#1529,.T.);
#2428=ORIENTED_EDGE('',*,*,#1536,.F.);
#2429=ORIENTED_EDGE('',*,*,#1765,.F.);
#2430=ORIENTED_EDGE('',*,*,#1675,.F.);
#2431=ORIENTED_EDGE('',*,*,#1767,.T.);
#2432=ORIENTED_EDGE('',*,*,#1665,.F.);
#2433=ORIENTED_EDGE('',*,*,#1767,.F.);
#2434=ORIENTED_EDGE('',*,*,#1597,.T.);
#2435=ORIENTED_EDGE('',*,*,#1768,.T.);
#2436=ORIENTED_EDGE('',*,*,#1769,.T.);
#2437=ORIENTED_EDGE('',*,*,#1768,.F.);
#2438=ORIENTED_EDGE('',*,*,#1604,.T.);
#2439=ORIENTED_EDGE('',*,*,#1756,.T.);
#2440=ORIENTED_EDGE('',*,*,#1619,.T.);
#2441=ORIENTED_EDGE('',*,*,#1668,.T.);
#2442=ORIENTED_EDGE('',*,*,#1683,.F.);
#2443=ORIENTED_EDGE('',*,*,#1770,.T.);
#2444=ORIENTED_EDGE('',*,*,#1769,.F.);
#2445=ORIENTED_EDGE('',*,*,#1770,.F.);
#2446=ORIENTED_EDGE('',*,*,#1521,.T.);
#2447=ORIENTED_EDGE('',*,*,#1663,.F.);
#2448=ORIENTED_EDGE('',*,*,#1660,.F.);
#2449=ORIENTED_EDGE('',*,*,#1655,.F.);
#2450=ORIENTED_EDGE('',*,*,#1651,.F.);
#2451=ORIENTED_EDGE('',*,*,#1648,.F.);
#2452=ORIENTED_EDGE('',*,*,#1645,.F.);
#2453=ORIENTED_EDGE('',*,*,#1640,.F.);
#2454=ORIENTED_EDGE('',*,*,#1634,.F.);
#2455=ORIENTED_EDGE('',*,*,#1625,.F.);
#2456=ORIENTED_EDGE('',*,*,#1611,.F.);
#2457=ORIENTED_EDGE('',*,*,#1599,.F.);
#2458=ORIENTED_EDGE('',*,*,#1607,.F.);
#2459=ORIENTED_EDGE('',*,*,#1613,.F.);
#2460=ORIENTED_EDGE('',*,*,#1544,.F.);
#2461=ORIENTED_EDGE('',*,*,#1541,.T.);
#2462=ORIENTED_EDGE('',*,*,#1515,.F.);
#2463=ORIENTED_EDGE('',*,*,#1771,.F.);
#2464=ORIENTED_EDGE('',*,*,#1772,.T.);
#2465=ORIENTED_EDGE('',*,*,#1773,.T.);
#2466=ORIENTED_EDGE('',*,*,#1774,.F.);
#2467=ORIENTED_EDGE('',*,*,#1775,.F.);
#2468=ORIENTED_EDGE('',*,*,#1776,.T.);
#2469=ORIENTED_EDGE('',*,*,#1777,.T.);
#2470=ORIENTED_EDGE('',*,*,#1772,.F.);
#2471=ORIENTED_EDGE('',*,*,#1778,.F.);
#2472=ORIENTED_EDGE('',*,*,#1779,.T.);
#2473=ORIENTED_EDGE('',*,*,#1780,.T.);
#2474=ORIENTED_EDGE('',*,*,#1776,.F.);
#2475=ORIENTED_EDGE('',*,*,#1781,.F.);
#2476=ORIENTED_EDGE('',*,*,#1774,.T.);
#2477=ORIENTED_EDGE('',*,*,#1782,.T.);
#2478=ORIENTED_EDGE('',*,*,#1779,.F.);
#2479=ORIENTED_EDGE('',*,*,#1782,.F.);
#2480=ORIENTED_EDGE('',*,*,#1773,.F.);
#2481=ORIENTED_EDGE('',*,*,#1777,.F.);
#2482=ORIENTED_EDGE('',*,*,#1780,.F.);
#2483=ORIENTED_EDGE('',*,*,#1783,.F.);
#2484=ORIENTED_EDGE('',*,*,#1781,.T.);
#2485=ORIENTED_EDGE('',*,*,#1778,.T.);
#2486=ORIENTED_EDGE('',*,*,#1775,.T.);
#2487=ORIENTED_EDGE('',*,*,#1771,.T.);
#2488=ORIENTED_EDGE('',*,*,#1784,.F.);
#2489=ORIENTED_EDGE('',*,*,#1785,.F.);
#2490=ORIENTED_EDGE('',*,*,#1786,.T.);
#2491=ORIENTED_EDGE('',*,*,#1787,.T.);
#2492=ORIENTED_EDGE('',*,*,#1788,.F.);
#2493=ORIENTED_EDGE('',*,*,#1789,.F.);
#2494=ORIENTED_EDGE('',*,*,#1790,.T.);
#2495=ORIENTED_EDGE('',*,*,#1791,.T.);
#2496=ORIENTED_EDGE('',*,*,#1786,.F.);
#2497=ORIENTED_EDGE('',*,*,#1792,.F.);
#2498=ORIENTED_EDGE('',*,*,#1793,.T.);
#2499=ORIENTED_EDGE('',*,*,#1794,.T.);
#2500=ORIENTED_EDGE('',*,*,#1790,.F.);
#2501=ORIENTED_EDGE('',*,*,#1795,.F.);
#2502=ORIENTED_EDGE('',*,*,#1788,.T.);
#2503=ORIENTED_EDGE('',*,*,#1796,.T.);
#2504=ORIENTED_EDGE('',*,*,#1793,.F.);
#2505=ORIENTED_EDGE('',*,*,#1796,.F.);
#2506=ORIENTED_EDGE('',*,*,#1787,.F.);
#2507=ORIENTED_EDGE('',*,*,#1791,.F.);
#2508=ORIENTED_EDGE('',*,*,#1794,.F.);
#2509=ORIENTED_EDGE('',*,*,#1797,.F.);
#2510=ORIENTED_EDGE('',*,*,#1795,.T.);
#2511=ORIENTED_EDGE('',*,*,#1792,.T.);
#2512=ORIENTED_EDGE('',*,*,#1789,.T.);
#2513=ORIENTED_EDGE('',*,*,#1785,.T.);
#2514=ORIENTED_EDGE('',*,*,#1798,.F.);
#2515=ORIENTED_EDGE('',*,*,#1784,.T.);
#2516=ORIENTED_EDGE('',*,*,#1799,.T.);
#2517=ORIENTED_EDGE('',*,*,#1800,.T.);
#2518=ORIENTED_EDGE('',*,*,#1799,.F.);
#2519=ORIENTED_EDGE('',*,*,#1798,.T.);
#2520=ORIENTED_EDGE('',*,*,#1801,.T.);
#2521=ORIENTED_EDGE('',*,*,#1802,.T.);
#2522=ORIENTED_EDGE('',*,*,#1801,.F.);
#2523=ORIENTED_EDGE('',*,*,#1803,.F.);
#2524=ORIENTED_EDGE('',*,*,#1804,.T.);
#2525=ORIENTED_EDGE('',*,*,#1783,.T.);
#2526=ORIENTED_EDGE('',*,*,#1804,.F.);
#2527=ORIENTED_EDGE('',*,*,#1800,.F.);
#2528=ORIENTED_EDGE('',*,*,#1805,.F.);
#2529=ORIENTED_EDGE('',*,*,#1806,.T.);
#2530=ORIENTED_EDGE('',*,*,#1797,.T.);
#2531=ORIENTED_EDGE('',*,*,#1806,.F.);
#2532=ORIENTED_EDGE('',*,*,#1802,.F.);
#2533=ORIENTED_EDGE('',*,*,#1807,.T.);
#2534=ORIENTED_EDGE('',*,*,#1808,.F.);
#2535=ORIENTED_EDGE('',*,*,#1809,.T.);
#2536=ORIENTED_EDGE('',*,*,#1810,.T.);
#2537=ORIENTED_EDGE('',*,*,#1811,.T.);
#2538=ORIENTED_EDGE('',*,*,#1812,.F.);
#2539=ORIENTED_EDGE('',*,*,#1813,.T.);
#2540=ORIENTED_EDGE('',*,*,#1814,.T.);
#2541=ORIENTED_EDGE('',*,*,#1815,.T.);
#2542=ORIENTED_EDGE('',*,*,#1816,.F.);
#2543=ORIENTED_EDGE('',*,*,#1817,.T.);
#2544=ORIENTED_EDGE('',*,*,#1818,.T.);
#2545=ORIENTED_EDGE('',*,*,#1819,.T.);
#2546=ORIENTED_EDGE('',*,*,#1820,.F.);
#2547=ORIENTED_EDGE('',*,*,#1821,.T.);
#2548=ORIENTED_EDGE('',*,*,#1822,.T.);
#2549=ORIENTED_EDGE('',*,*,#1823,.F.);
#2550=ORIENTED_EDGE('',*,*,#1824,.T.);
#2551=ORIENTED_EDGE('',*,*,#1825,.T.);
#2552=ORIENTED_EDGE('',*,*,#1826,.T.);
#2553=ORIENTED_EDGE('',*,*,#1827,.T.);
#2554=ORIENTED_EDGE('',*,*,#1828,.F.);
#2555=ORIENTED_EDGE('',*,*,#1829,.T.);
#2556=ORIENTED_EDGE('',*,*,#1830,.T.);
#2557=ORIENTED_EDGE('',*,*,#1831,.F.);
#2558=ORIENTED_EDGE('',*,*,#1832,.T.);
#2559=ORIENTED_EDGE('',*,*,#1833,.T.);
#2560=ORIENTED_EDGE('',*,*,#1834,.T.);
#2561=ORIENTED_EDGE('',*,*,#1835,.T.);
#2562=ORIENTED_EDGE('',*,*,#1836,.F.);
#2563=ORIENTED_EDGE('',*,*,#1837,.T.);
#2564=ORIENTED_EDGE('',*,*,#1838,.T.);
#2565=ORIENTED_EDGE('',*,*,#1839,.T.);
#2566=ORIENTED_EDGE('',*,*,#1840,.F.);
#2567=ORIENTED_EDGE('',*,*,#1841,.T.);
#2568=ORIENTED_EDGE('',*,*,#1842,.T.);
#2569=ORIENTED_EDGE('',*,*,#1843,.T.);
#2570=ORIENTED_EDGE('',*,*,#1844,.F.);
#2571=ORIENTED_EDGE('',*,*,#1845,.T.);
#2572=ORIENTED_EDGE('',*,*,#1846,.T.);
#2573=ORIENTED_EDGE('',*,*,#1847,.F.);
#2574=ORIENTED_EDGE('',*,*,#1814,.F.);
#2575=ORIENTED_EDGE('',*,*,#1848,.F.);
#2576=ORIENTED_EDGE('',*,*,#1840,.T.);
#2577=ORIENTED_EDGE('',*,*,#1849,.F.);
#2578=ORIENTED_EDGE('',*,*,#1810,.F.);
#2579=ORIENTED_EDGE('',*,*,#1850,.F.);
#2580=ORIENTED_EDGE('',*,*,#1844,.T.);
#2581=ORIENTED_EDGE('',*,*,#1835,.F.);
#2582=ORIENTED_EDGE('',*,*,#1851,.T.);
#2583=ORIENTED_EDGE('',*,*,#1819,.F.);
#2584=ORIENTED_EDGE('',*,*,#1852,.T.);
#2585=ORIENTED_EDGE('',*,*,#1851,.F.);
#2586=ORIENTED_EDGE('',*,*,#1834,.F.);
#2587=ORIENTED_EDGE('',*,*,#1853,.F.);
#2588=ORIENTED_EDGE('',*,*,#1820,.T.);
#2589=ORIENTED_EDGE('',*,*,#1839,.F.);
#2590=ORIENTED_EDGE('',*,*,#1854,.T.);
#2591=ORIENTED_EDGE('',*,*,#1815,.F.);
#2592=ORIENTED_EDGE('',*,*,#1847,.T.);
#2593=ORIENTED_EDGE('',*,*,#1854,.F.);
#2594=ORIENTED_EDGE('',*,*,#1838,.F.);
#2595=ORIENTED_EDGE('',*,*,#1855,.F.);
#2596=ORIENTED_EDGE('',*,*,#1816,.T.);
#2597=ORIENTED_EDGE('',*,*,#1843,.F.);
#2598=ORIENTED_EDGE('',*,*,#1856,.T.);
#2599=ORIENTED_EDGE('',*,*,#1811,.F.);
#2600=ORIENTED_EDGE('',*,*,#1849,.T.);
#2601=ORIENTED_EDGE('',*,*,#1856,.F.);
#2602=ORIENTED_EDGE('',*,*,#1842,.F.);
#2603=ORIENTED_EDGE('',*,*,#1857,.F.);
#2604=ORIENTED_EDGE('',*,*,#1812,.T.);
#2605=ORIENTED_EDGE('',*,*,#1827,.F.);
#2606=ORIENTED_EDGE('',*,*,#1858,.T.);
#2607=ORIENTED_EDGE('',*,*,#1807,.F.);
#2608=ORIENTED_EDGE('',*,*,#1859,.T.);
#2609=ORIENTED_EDGE('',*,*,#1852,.F.);
#2610=ORIENTED_EDGE('',*,*,#1818,.F.);
#2611=ORIENTED_EDGE('',*,*,#1860,.F.);
#2612=ORIENTED_EDGE('',*,*,#1836,.T.);
#2613=ORIENTED_EDGE('',*,*,#1858,.F.);
#2614=ORIENTED_EDGE('',*,*,#1846,.F.);
#2615=ORIENTED_EDGE('',*,*,#1861,.F.);
#2616=ORIENTED_EDGE('',*,*,#1808,.T.);
#2617=ORIENTED_EDGE('',*,*,#1859,.F.);
#2618=ORIENTED_EDGE('',*,*,#1826,.F.);
#2619=ORIENTED_EDGE('',*,*,#1862,.F.);
#2620=ORIENTED_EDGE('',*,*,#1828,.T.);
#2621=ORIENTED_EDGE('',*,*,#1853,.T.);
#2622=ORIENTED_EDGE('',*,*,#1833,.F.);
#2623=ORIENTED_EDGE('',*,*,#1863,.T.);
#2624=ORIENTED_EDGE('',*,*,#1864,.F.);
#2625=ORIENTED_EDGE('',*,*,#1865,.T.);
#2626=ORIENTED_EDGE('',*,*,#1821,.F.);
#2627=ORIENTED_EDGE('',*,*,#1803,.T.);
#2628=ORIENTED_EDGE('',*,*,#1857,.T.);
#2629=ORIENTED_EDGE('',*,*,#1841,.F.);
#2630=ORIENTED_EDGE('',*,*,#1848,.T.);
#2631=ORIENTED_EDGE('',*,*,#1813,.F.);
#2632=ORIENTED_EDGE('',*,*,#1861,.T.);
#2633=ORIENTED_EDGE('',*,*,#1845,.F.);
#2634=ORIENTED_EDGE('',*,*,#1850,.T.);
#2635=ORIENTED_EDGE('',*,*,#1809,.F.);
#2636=ORIENTED_EDGE('',*,*,#1862,.T.);
#2637=ORIENTED_EDGE('',*,*,#1825,.F.);
#2638=ORIENTED_EDGE('',*,*,#1866,.T.);
#2639=ORIENTED_EDGE('',*,*,#1867,.F.);
#2640=ORIENTED_EDGE('',*,*,#1868,.T.);
#2641=ORIENTED_EDGE('',*,*,#1829,.F.);
#2642=ORIENTED_EDGE('',*,*,#1805,.T.);
#2643=ORIENTED_EDGE('',*,*,#1866,.F.);
#2644=ORIENTED_EDGE('',*,*,#1824,.F.);
#2645=ORIENTED_EDGE('',*,*,#1869,.F.);
#2646=ORIENTED_EDGE('',*,*,#1870,.F.);
#2647=ORIENTED_EDGE('',*,*,#1868,.F.);
#2648=ORIENTED_EDGE('',*,*,#1871,.F.);
#2649=ORIENTED_EDGE('',*,*,#1872,.F.);
#2650=ORIENTED_EDGE('',*,*,#1830,.F.);
#2651=ORIENTED_EDGE('',*,*,#1863,.F.);
#2652=ORIENTED_EDGE('',*,*,#1832,.F.);
#2653=ORIENTED_EDGE('',*,*,#1873,.F.);
#2654=ORIENTED_EDGE('',*,*,#1874,.F.);
#2655=ORIENTED_EDGE('',*,*,#1865,.F.);
#2656=ORIENTED_EDGE('',*,*,#1875,.F.);
#2657=ORIENTED_EDGE('',*,*,#1876,.F.);
#2658=ORIENTED_EDGE('',*,*,#1822,.F.);
#2659=ORIENTED_EDGE('',*,*,#1874,.T.);
#2660=ORIENTED_EDGE('',*,*,#1877,.F.);
#2661=ORIENTED_EDGE('',*,*,#1875,.T.);
#2662=ORIENTED_EDGE('',*,*,#1864,.T.);
#2663=ORIENTED_EDGE('',*,*,#1870,.T.);
#2664=ORIENTED_EDGE('',*,*,#1878,.F.);
#2665=ORIENTED_EDGE('',*,*,#1871,.T.);
#2666=ORIENTED_EDGE('',*,*,#1867,.T.);
#2667=ORIENTED_EDGE('',*,*,#1860,.T.);
#2668=ORIENTED_EDGE('',*,*,#1817,.F.);
#2669=ORIENTED_EDGE('',*,*,#1855,.T.);
#2670=ORIENTED_EDGE('',*,*,#1837,.F.);
#2671=ORIENTED_EDGE('',*,*,#1879,.F.);
#2672=ORIENTED_EDGE('',*,*,#1880,.T.);
#2673=ORIENTED_EDGE('',*,*,#1881,.T.);
#2674=ORIENTED_EDGE('',*,*,#1880,.F.);
#2675=ORIENTED_EDGE('',*,*,#1881,.F.);
#2676=ORIENTED_EDGE('',*,*,#1882,.F.);
#2677=ORIENTED_EDGE('',*,*,#1883,.F.);
#2678=ORIENTED_EDGE('',*,*,#1884,.T.);
#2679=ORIENTED_EDGE('',*,*,#1885,.T.);
#2680=ORIENTED_EDGE('',*,*,#1884,.F.);
#2681=ORIENTED_EDGE('',*,*,#1885,.F.);
#2682=ORIENTED_EDGE('',*,*,#1886,.F.);
#2683=ORIENTED_EDGE('',*,*,#1887,.F.);
#2684=ORIENTED_EDGE('',*,*,#1888,.F.);
#2685=ORIENTED_EDGE('',*,*,#1889,.F.);
#2686=ORIENTED_EDGE('',*,*,#1890,.T.);
#2687=ORIENTED_EDGE('',*,*,#1891,.F.);
#2688=ORIENTED_EDGE('',*,*,#1892,.F.);
#2689=ORIENTED_EDGE('',*,*,#1893,.F.);
#2690=ORIENTED_EDGE('',*,*,#1894,.T.);
#2691=ORIENTED_EDGE('',*,*,#1895,.F.);
#2692=ORIENTED_EDGE('',*,*,#1896,.F.);
#2693=ORIENTED_EDGE('',*,*,#1897,.F.);
#2694=ORIENTED_EDGE('',*,*,#1898,.F.);
#2695=ORIENTED_EDGE('',*,*,#1899,.F.);
#2696=ORIENTED_EDGE('',*,*,#1900,.F.);
#2697=ORIENTED_EDGE('',*,*,#1901,.F.);
#2698=ORIENTED_EDGE('',*,*,#1902,.F.);
#2699=ORIENTED_EDGE('',*,*,#1831,.T.);
#2700=ORIENTED_EDGE('',*,*,#1872,.T.);
#2701=ORIENTED_EDGE('',*,*,#1878,.T.);
#2702=ORIENTED_EDGE('',*,*,#1869,.T.);
#2703=ORIENTED_EDGE('',*,*,#1823,.T.);
#2704=ORIENTED_EDGE('',*,*,#1876,.T.);
#2705=ORIENTED_EDGE('',*,*,#1877,.T.);
#2706=ORIENTED_EDGE('',*,*,#1873,.T.);
#2707=ORIENTED_EDGE('',*,*,#1903,.T.);
#2708=ORIENTED_EDGE('',*,*,#1904,.T.);
#2709=ORIENTED_EDGE('',*,*,#1905,.T.);
#2710=ORIENTED_EDGE('',*,*,#1906,.T.);
#2711=ORIENTED_EDGE('',*,*,#1907,.T.);
#2712=ORIENTED_EDGE('',*,*,#1887,.T.);
#2713=ORIENTED_EDGE('',*,*,#1908,.T.);
#2714=ORIENTED_EDGE('',*,*,#1891,.T.);
#2715=ORIENTED_EDGE('',*,*,#1904,.F.);
#2716=ORIENTED_EDGE('',*,*,#1909,.F.);
#2717=ORIENTED_EDGE('',*,*,#1910,.F.);
#2718=ORIENTED_EDGE('',*,*,#1911,.T.);
#2719=ORIENTED_EDGE('',*,*,#1906,.F.);
#2720=ORIENTED_EDGE('',*,*,#1912,.F.);
#2721=ORIENTED_EDGE('',*,*,#1913,.F.);
#2722=ORIENTED_EDGE('',*,*,#1914,.T.);
#2723=ORIENTED_EDGE('',*,*,#1882,.T.);
#2724=ORIENTED_EDGE('',*,*,#1915,.T.);
#2725=ORIENTED_EDGE('',*,*,#1732,.T.);
#2726=ORIENTED_EDGE('',*,*,#1915,.F.);
#2727=ORIENTED_EDGE('',*,*,#1749,.F.);
#2728=ORIENTED_EDGE('',*,*,#1886,.T.);
#2729=ORIENTED_EDGE('',*,*,#1916,.T.);
#2730=ORIENTED_EDGE('',*,*,#1746,.T.);
#2731=ORIENTED_EDGE('',*,*,#1916,.F.);
#2732=ORIENTED_EDGE('',*,*,#1751,.F.);
#2733=ORIENTED_EDGE('',*,*,#1908,.F.);
#2734=ORIENTED_EDGE('',*,*,#1890,.F.);
#2735=ORIENTED_EDGE('',*,*,#1917,.F.);
#2736=ORIENTED_EDGE('',*,*,#1892,.T.);
#2737=ORIENTED_EDGE('',*,*,#1907,.F.);
#2738=ORIENTED_EDGE('',*,*,#1894,.F.);
#2739=ORIENTED_EDGE('',*,*,#1918,.T.);
#2740=ORIENTED_EDGE('',*,*,#1888,.T.);
#2741=ORIENTED_EDGE('',*,*,#1918,.F.);
#2742=ORIENTED_EDGE('',*,*,#1893,.T.);
#2743=ORIENTED_EDGE('',*,*,#1917,.T.);
#2744=ORIENTED_EDGE('',*,*,#1889,.T.);
#2745=ORIENTED_EDGE('',*,*,#1883,.T.);
#2746=ORIENTED_EDGE('',*,*,#1905,.F.);
#2747=ORIENTED_EDGE('',*,*,#1911,.F.);
#2748=ORIENTED_EDGE('',*,*,#1919,.F.);
#2749=ORIENTED_EDGE('',*,*,#1912,.T.);
#2750=ORIENTED_EDGE('',*,*,#1903,.F.);
#2751=ORIENTED_EDGE('',*,*,#1914,.F.);
#2752=ORIENTED_EDGE('',*,*,#1920,.T.);
#2753=ORIENTED_EDGE('',*,*,#1909,.T.);
#2754=ORIENTED_EDGE('',*,*,#1920,.F.);
#2755=ORIENTED_EDGE('',*,*,#1913,.T.);
#2756=ORIENTED_EDGE('',*,*,#1919,.T.);
#2757=ORIENTED_EDGE('',*,*,#1910,.T.);
#2758=ORIENTED_EDGE('',*,*,#1879,.T.);
#2759=ORIENTED_EDGE('',*,*,#1921,.T.);
#2760=ORIENTED_EDGE('',*,*,#1922,.T.);
#2761=ORIENTED_EDGE('',*,*,#1895,.T.);
#2762=ORIENTED_EDGE('',*,*,#1923,.T.);
#2763=ORIENTED_EDGE('',*,*,#1922,.F.);
#2764=ORIENTED_EDGE('',*,*,#1924,.F.);
#2765=ORIENTED_EDGE('',*,*,#1925,.F.);
#2766=ORIENTED_EDGE('',*,*,#1896,.T.);
#2767=ORIENTED_EDGE('',*,*,#1926,.T.);
#2768=ORIENTED_EDGE('',*,*,#1927,.T.);
#2769=ORIENTED_EDGE('',*,*,#1897,.T.);
#2770=ORIENTED_EDGE('',*,*,#1925,.T.);
#2771=ORIENTED_EDGE('',*,*,#1928,.T.);
#2772=ORIENTED_EDGE('',*,*,#1929,.T.);
#2773=ORIENTED_EDGE('',*,*,#1901,.T.);
#2774=ORIENTED_EDGE('',*,*,#1930,.T.);
#2775=ORIENTED_EDGE('',*,*,#1930,.F.);
#2776=ORIENTED_EDGE('',*,*,#1900,.T.);
#2777=ORIENTED_EDGE('',*,*,#1931,.F.);
#2778=ORIENTED_EDGE('',*,*,#1932,.F.);
#2779=ORIENTED_EDGE('',*,*,#1757,.T.);
#2780=ORIENTED_EDGE('',*,*,#1690,.T.);
#2781=ORIENTED_EDGE('',*,*,#1766,.T.);
#2782=ORIENTED_EDGE('',*,*,#1764,.T.);
#2783=ORIENTED_EDGE('',*,*,#1754,.T.);
#2784=ORIENTED_EDGE('',*,*,#1763,.T.);
#2785=ORIENTED_EDGE('',*,*,#1761,.T.);
#2786=ORIENTED_EDGE('',*,*,#1759,.T.);
#2787=ORIENTED_EDGE('',*,*,#1933,.T.);
#2788=ORIENTED_EDGE('',*,*,#1931,.T.);
#2789=ORIENTED_EDGE('',*,*,#1899,.T.);
#2790=ORIENTED_EDGE('',*,*,#1934,.T.);
#2791=ORIENTED_EDGE('',*,*,#1927,.F.);
#2792=ORIENTED_EDGE('',*,*,#1935,.F.);
#2793=ORIENTED_EDGE('',*,*,#1934,.F.);
#2794=ORIENTED_EDGE('',*,*,#1898,.T.);
#2795=ORIENTED_EDGE('',*,*,#1923,.F.);
#2796=ORIENTED_EDGE('',*,*,#1902,.T.);
#2797=ORIENTED_EDGE('',*,*,#1929,.F.);
#2798=ORIENTED_EDGE('',*,*,#1936,.F.);
#2799=ORIENTED_EDGE('',*,*,#1921,.F.);
#2800=ORIENTED_EDGE('',*,*,#1936,.T.);
#2801=ORIENTED_EDGE('',*,*,#1928,.F.);
#2802=ORIENTED_EDGE('',*,*,#1932,.T.);
#2803=ORIENTED_EDGE('',*,*,#1933,.F.);
#2804=ORIENTED_EDGE('',*,*,#1935,.T.);
#2805=ORIENTED_EDGE('',*,*,#1926,.F.);
#2806=ORIENTED_EDGE('',*,*,#1924,.T.);
#2807=PLANE('',#3106);
#2808=PLANE('',#3107);
#2809=PLANE('',#3110);
#2810=PLANE('',#3111);
#2811=PLANE('',#3117);
#2812=PLANE('',#3121);
#2813=PLANE('',#3125);
#2814=PLANE('',#3126);
#2815=PLANE('',#3204);
#2816=PLANE('',#3205);
#2817=PLANE('',#3207);
#2818=PLANE('',#3208);
#2819=PLANE('',#3209);
#2820=PLANE('',#3214);
#2821=PLANE('',#3215);
#2822=PLANE('',#3216);
#2823=PLANE('',#3217);
#2824=PLANE('',#3218);
#2825=PLANE('',#3223);
#2826=PLANE('',#3224);
#2827=PLANE('',#3225);
#2828=PLANE('',#3226);
#2829=PLANE('',#3227);
#2830=PLANE('',#3231);
#2831=PLANE('',#3233);
#2832=PLANE('',#3234);
#2833=PLANE('',#3235);
#2834=PLANE('',#3236);
#2835=PLANE('',#3237);
#2836=PLANE('',#3242);
#2837=PLANE('',#3243);
#2838=PLANE('',#3244);
#2839=PLANE('',#3245);
#2840=PLANE('',#3247);
#2841=PLANE('',#3248);
#2842=PLANE('',#3249);
#2843=PLANE('',#3250);
#2844=PLANE('',#3251);
#2845=PLANE('',#3252);
#2846=PLANE('',#3253);
#2847=PLANE('',#3255);
#2848=PLANE('',#3257);
#2849=PLANE('',#3258);
#2850=PLANE('',#3259);
#2851=PLANE('',#3260);
#2852=PLANE('',#3261);
#2853=PLANE('',#3263);
#2854=PLANE('',#3269);
#2855=PLANE('',#3270);
#2856=PLANE('',#3271);
#2857=PLANE('',#3272);
#2858=PLANE('',#3273);
#2859=PLANE('',#3275);
#2860=PLANE('',#3278);
#2861=PLANE('',#3283);
#2862=PLANE('',#3288);
#2863=PLANE('',#3289);
#2864=PLANE('',#3290);
#2865=PLANE('',#3291);
#2866=PLANE('',#3292);
#2867=PLANE('',#3293);
#2868=PLANE('',#3295);
#2869=PLANE('',#3297);
#2870=PLANE('',#3298);
#2871=PLANE('',#3299);
#2872=PLANE('',#3300);
#2873=PLANE('',#3301);
#2874=PLANE('',#3303);
#2875=PLANE('',#3311);
#2876=PLANE('',#3314);
#2877=PLANE('',#3315);
#2878=PLANE('',#3320);
#2879=PLANE('',#3325);
#2880=PLANE('',#3326);
#2881=PLANE('',#3328);
#2882=PLANE('',#3330);
#2883=PLANE('',#3332);
#2884=PLANE('',#3334);
#2885=PLANE('',#3335);
#2886=PLANE('',#3336);
#2887=PLANE('',#3337);
#2888=PLANE('',#3340);
#2889=PLANE('',#3341);
#2890=PLANE('',#3342);
#2891=PLANE('',#3353);
#2892=PLANE('',#3354);
#2893=PLANE('',#3355);
#2894=PLANE('',#3359);
#2895=PLANE('',#3364);
#2896=PLANE('',#3366);
#2897=PLANE('',#3367);
#2898=PLANE('',#3368);
#2899=PLANE('',#3373);
#2900=PLANE('',#3374);
#2901=PLANE('',#3376);
#2902=PLANE('',#3378);
#2903=PLANE('',#3379);
#2904=PLANE('',#3380);
#2905=PLANE('',#3381);
#2906=PLANE('',#3382);
#2907=PLANE('',#3383);
#2908=PLANE('',#3384);
#2909=PLANE('',#3387);
#2910=PLANE('',#3392);
#2911=PLANE('',#3395);
#2912=PLANE('',#3396);
#2913=PLANE('',#3397);
#2914=ADVANCED_FACE('',(#235),#2807,.T.);
#2915=ADVANCED_FACE('',(#236),#2808,.T.);
#2916=ADVANCED_FACE('',(#237),#2809,.T.);
#2917=ADVANCED_FACE('',(#238),#2810,.T.);
#2918=ADVANCED_FACE('',(#239),#133,.F.);
#2919=ADVANCED_FACE('',(#240),#2811,.T.);
#2920=ADVANCED_FACE('',(#241),#134,.F.);
#2921=ADVANCED_FACE('',(#242,#110),#2812,.T.);
#2922=ADVANCED_FACE('',(#243),#2813,.F.);
#2923=ADVANCED_FACE('',(#244),#2814,.F.);
#2924=ADVANCED_FACE('',(#245),#51,.F.);
#2925=ADVANCED_FACE('',(#246),#52,.F.);
#2926=ADVANCED_FACE('',(#247),#53,.F.);
#2927=ADVANCED_FACE('',(#248),#54,.F.);
#2928=ADVANCED_FACE('',(#249),#55,.F.);
#2929=ADVANCED_FACE('',(#250),#56,.F.);
#2930=ADVANCED_FACE('',(#251),#57,.F.);
#2931=ADVANCED_FACE('',(#252),#58,.F.);
#2932=ADVANCED_FACE('',(#253),#15,.F.);
#2933=ADVANCED_FACE('',(#254),#16,.F.);
#2934=ADVANCED_FACE('',(#255),#17,.F.);
#2935=ADVANCED_FACE('',(#256),#59,.F.);
#2936=ADVANCED_FACE('',(#257),#18,.F.);
#2937=ADVANCED_FACE('',(#258),#19,.F.);
#2938=ADVANCED_FACE('',(#259),#60,.F.);
#2939=ADVANCED_FACE('',(#260),#20,.F.);
#2940=ADVANCED_FACE('',(#261),#61,.F.);
#2941=ADVANCED_FACE('',(#262),#62,.F.);
#2942=ADVANCED_FACE('',(#263),#63,.F.);
#2943=ADVANCED_FACE('',(#264),#64,.F.);
#2944=ADVANCED_FACE('',(#265),#65,.F.);
#2945=ADVANCED_FACE('',(#266),#66,.F.);
#2946=ADVANCED_FACE('',(#267),#67,.F.);
#2947=ADVANCED_FACE('',(#268),#68,.F.);
#2948=ADVANCED_FACE('',(#269),#69,.F.);
#2949=ADVANCED_FACE('',(#270),#70,.F.);
#2950=ADVANCED_FACE('',(#271),#71,.F.);
#2951=ADVANCED_FACE('',(#272),#72,.F.);
#2952=ADVANCED_FACE('',(#273),#73,.F.);
#2953=ADVANCED_FACE('',(#274),#74,.F.);
#2954=ADVANCED_FACE('',(#275),#75,.F.);
#2955=ADVANCED_FACE('',(#276),#76,.F.);
#2956=ADVANCED_FACE('',(#277),#77,.F.);
#2957=ADVANCED_FACE('',(#278),#78,.F.);
#2958=ADVANCED_FACE('',(#279),#79,.F.);
#2959=ADVANCED_FACE('',(#280),#135,.T.);
#2960=ADVANCED_FACE('',(#281),#2815,.F.);
#2961=ADVANCED_FACE('',(#282),#2816,.F.);
#2962=ADVANCED_FACE('',(#283),#2817,.F.);
#2963=ADVANCED_FACE('',(#284),#2818,.F.);
#2964=ADVANCED_FACE('',(#285),#2819,.F.);
#2965=ADVANCED_FACE('',(#286),#136,.T.);
#2966=ADVANCED_FACE('',(#287),#2820,.F.);
#2967=ADVANCED_FACE('',(#288),#2821,.F.);
#2968=ADVANCED_FACE('',(#289),#2822,.F.);
#2969=ADVANCED_FACE('',(#290),#2823,.F.);
#2970=ADVANCED_FACE('',(#291),#2824,.F.);
#2971=ADVANCED_FACE('',(#292),#137,.T.);
#2972=ADVANCED_FACE('',(#293),#2825,.F.);
#2973=ADVANCED_FACE('',(#294),#2826,.F.);
#2974=ADVANCED_FACE('',(#295),#2827,.F.);
#2975=ADVANCED_FACE('',(#296),#2828,.F.);
#2976=ADVANCED_FACE('',(#297),#2829,.F.);
#2977=ADVANCED_FACE('',(#298),#80,.F.);
#2978=ADVANCED_FACE('',(#299,#111),#2830,.F.);
#2979=ADVANCED_FACE('',(#300),#2831,.F.);
#2980=ADVANCED_FACE('',(#301),#2832,.F.);
#2981=ADVANCED_FACE('',(#302),#2833,.F.);
#2982=ADVANCED_FACE('',(#303),#2834,.F.);
#2983=ADVANCED_FACE('',(#304,#112),#2835,.F.);
#2984=ADVANCED_FACE('',(#305),#81,.F.);
#2985=ADVANCED_FACE('',(#306),#82,.F.);
#2986=ADVANCED_FACE('',(#307),#2836,.F.);
#2987=ADVANCED_FACE('',(#308),#2837,.F.);
#2988=ADVANCED_FACE('',(#309),#2838,.F.);
#2989=ADVANCED_FACE('',(#310),#2839,.F.);
#2990=ADVANCED_FACE('',(#311),#2840,.F.);
#2991=ADVANCED_FACE('',(#312),#2841,.F.);
#2992=ADVANCED_FACE('',(#313),#2842,.F.);
#2993=ADVANCED_FACE('',(#314),#2843,.F.);
#2994=ADVANCED_FACE('',(#315),#2844,.F.);
#2995=ADVANCED_FACE('',(#316),#2845,.F.);
#2996=ADVANCED_FACE('',(#317,#113),#2846,.F.);
#2997=ADVANCED_FACE('',(#318,#114),#2847,.T.);
#2998=ADVANCED_FACE('',(#319),#2848,.F.);
#2999=ADVANCED_FACE('',(#320),#2849,.F.);
#3000=ADVANCED_FACE('',(#321),#2850,.F.);
#3001=ADVANCED_FACE('',(#322),#2851,.F.);
#3002=ADVANCED_FACE('',(#323,#115),#2852,.F.);
#3003=ADVANCED_FACE('',(#324,#116),#2853,.T.);
#3004=ADVANCED_FACE('',(#325),#83,.F.);
#3005=ADVANCED_FACE('',(#326),#84,.F.);
#3006=ADVANCED_FACE('',(#327),#2854,.T.);
#3007=ADVANCED_FACE('',(#328),#2855,.T.);
#3008=ADVANCED_FACE('',(#329),#2856,.F.);
#3009=ADVANCED_FACE('',(#330),#2857,.F.);
#3010=ADVANCED_FACE('',(#331),#2858,.F.);
#3011=ADVANCED_FACE('',(#332),#2859,.F.);
#3012=ADVANCED_FACE('',(#333),#85,.F.);
#3013=ADVANCED_FACE('',(#334),#2860,.F.);
#3014=ADVANCED_FACE('',(#335),#86,.F.);
#3015=ADVANCED_FACE('',(#336),#87,.F.);
#3016=ADVANCED_FACE('',(#337),#2861,.F.);
#3017=ADVANCED_FACE('',(#338),#88,.T.);
#3018=ADVANCED_FACE('',(#339),#138,.T.);
#3019=ADVANCED_FACE('',(#340),#89,.T.);
#3020=ADVANCED_FACE('',(#341),#2862,.F.);
#3021=ADVANCED_FACE('',(#342),#2863,.F.);
#3022=ADVANCED_FACE('',(#343),#2864,.F.);
#3023=ADVANCED_FACE('',(#344),#2865,.F.);
#3024=ADVANCED_FACE('',(#345),#2866,.F.);
#3025=ADVANCED_FACE('',(#346,#117),#2867,.F.);
#3026=ADVANCED_FACE('',(#347,#118),#2868,.T.);
#3027=ADVANCED_FACE('',(#348),#2869,.F.);
#3028=ADVANCED_FACE('',(#349),#2870,.F.);
#3029=ADVANCED_FACE('',(#350),#2871,.F.);
#3030=ADVANCED_FACE('',(#351),#2872,.F.);
#3031=ADVANCED_FACE('',(#352,#119),#2873,.F.);
#3032=ADVANCED_FACE('',(#353,#120),#2874,.T.);
#3033=ADVANCED_FACE('',(#354),#90,.F.);
#3034=ADVANCED_FACE('',(#355),#91,.F.);
#3035=ADVANCED_FACE('',(#356),#92,.F.);
#3036=ADVANCED_FACE('',(#357),#2875,.F.);
#3037=ADVANCED_FACE('',(#358),#93,.F.);
#3038=ADVANCED_FACE('',(#359),#2876,.F.);
#3039=ADVANCED_FACE('',(#360),#2877,.F.);
#3040=ADVANCED_FACE('',(#361),#2878,.F.);
#3041=ADVANCED_FACE('',(#362),#2879,.F.);
#3042=ADVANCED_FACE('',(#363),#2880,.F.);
#3043=ADVANCED_FACE('',(#364),#94,.F.);
#3044=ADVANCED_FACE('',(#365),#2881,.F.);
#3045=ADVANCED_FACE('',(#366),#95,.F.);
#3046=ADVANCED_FACE('',(#367),#2882,.F.);
#3047=ADVANCED_FACE('',(#368),#96,.F.);
#3048=ADVANCED_FACE('',(#369),#2883,.F.);
#3049=ADVANCED_FACE('',(#370),#97,.F.);
#3050=ADVANCED_FACE('',(#371),#2884,.F.);
#3051=ADVANCED_FACE('',(#372),#2885,.F.);
#3052=ADVANCED_FACE('',(#373),#2886,.F.);
#3053=ADVANCED_FACE('',(#374,#121),#2887,.F.);
#3054=ADVANCED_FACE('',(#375),#2888,.F.);
#3055=ADVANCED_FACE('',(#376),#2889,.F.);
#3056=ADVANCED_FACE('',(#377,#122),#2890,.F.);
#3057=ADVANCED_FACE('',(#378),#98,.F.);
#3058=ADVANCED_FACE('',(#379),#99,.F.);
#3059=ADVANCED_FACE('',(#380),#100,.F.);
#3060=ADVANCED_FACE('',(#381),#101,.F.);
#3061=ADVANCED_FACE('',(#382),#2891,.F.);
#3062=ADVANCED_FACE('',(#383),#2892,.F.);
#3063=ADVANCED_FACE('',(#384),#2893,.F.);
#3064=ADVANCED_FACE('',(#385),#102,.F.);
#3065=ADVANCED_FACE('',(#386,#123),#2894,.T.);
#3066=ADVANCED_FACE('',(#387),#103,.F.);
#3067=ADVANCED_FACE('',(#388,#124),#2895,.T.);
#3068=ADVANCED_FACE('',(#389),#2896,.F.);
#3069=ADVANCED_FACE('',(#390),#2897,.F.);
#3070=ADVANCED_FACE('',(#391,#125,#126,#127),#2898,.F.);
#3071=ADVANCED_FACE('',(#392),#2899,.F.);
#3072=ADVANCED_FACE('',(#393),#2900,.F.);
#3073=ADVANCED_FACE('',(#394),#104,.F.);
#3074=ADVANCED_FACE('',(#395),#2901,.T.);
#3075=ADVANCED_FACE('',(#396),#105,.F.);
#3076=ADVANCED_FACE('',(#397),#2902,.T.);
#3077=ADVANCED_FACE('',(#398),#2903,.F.);
#3078=ADVANCED_FACE('',(#399),#2904,.F.);
#3079=ADVANCED_FACE('',(#400,#128),#2905,.F.);
#3080=ADVANCED_FACE('',(#401),#2906,.F.);
#3081=ADVANCED_FACE('',(#402),#2907,.F.);
#3082=ADVANCED_FACE('',(#403,#129),#2908,.F.);
#3083=ADVANCED_FACE('',(#404),#106,.T.);
#3084=ADVANCED_FACE('',(#405),#2909,.T.);
#3085=ADVANCED_FACE('',(#406),#107,.T.);
#3086=ADVANCED_FACE('',(#407),#108,.T.);
#3087=ADVANCED_FACE('',(#408,#130),#2910,.T.);
#3088=ADVANCED_FACE('',(#409),#109,.T.);
#3089=ADVANCED_FACE('',(#410),#2911,.T.);
#3090=ADVANCED_FACE('',(#411),#2912,.T.);
#3091=ADVANCED_FACE('',(#412),#2913,.T.);
#3092=CLOSED_SHELL('',(#2914,#2915,#2916,#2917,#2918,#2919,#2920,#2921,
#2922,#2923,#2924,#2925,#2926,#2927,#2928,#2929,#2930,#2931,#2932,#2933,
#2934,#2935,#2936,#2937,#2938,#2939,#2940,#2941,#2942,#2943,#2944,#2945,
#2946,#2947,#2948,#2949,#2950,#2951,#2952,#2953,#2954,#2955,#2956,#2957,
#2958,#2959,#2960,#2961,#2962,#2963,#2964,#2965,#2966,#2967,#2968,#2969,
#2970,#2971,#2972,#2973,#2974,#2975,#2976,#2977,#2978,#2979,#2980,#2981,
#2982,#2983,#2984,#2985,#2986,#2987,#2988,#2989,#2990,#2991,#2992,#2993,
#2994,#2995,#2996,#2997,#2998,#2999,#3000,#3001,#3002,#3003,#3004,#3005,
#3006,#3007,#3008,#3009,#3010,#3011,#3012,#3013,#3014,#3015,#3016,#3017,
#3018,#3019,#3020,#3021,#3022,#3023,#3024,#3025,#3026,#3027,#3028,#3029,
#3030,#3031,#3032,#3033,#3034,#3035,#3036,#3037,#3038,#3039,#3040,#3041,
#3042,#3043,#3044,#3045,#3046,#3047,#3048,#3049,#3050,#3051,#3052,#3053,
#3054,#3055,#3056,#3057,#3058,#3059,#3060,#3061,#3062,#3063,#3064,#3065,
#3066,#3067,#3068,#3069,#3070,#3071,#3072,#3073,#3074,#3075,#3076,#3077,
#3078,#3079,#3080,#3081,#3082,#3083,#3084,#3085,#3086,#3087,#3088,#3089,
#3090,#3091));
#3093=DERIVED_UNIT_ELEMENT(#3095,1.);
#3094=DERIVED_UNIT_ELEMENT(#5298,-3.);
#3095=(
MASS_UNIT()
NAMED_UNIT(*)
SI_UNIT(.KILO.,.GRAM.)
);
#3096=DERIVED_UNIT((#3093,#3094));
#3097=MEASURE_REPRESENTATION_ITEM('density measure',
POSITIVE_RATIO_MEASURE(7850.),#3096);
#3098=PROPERTY_DEFINITION_REPRESENTATION(#3103,#3100);
#3099=PROPERTY_DEFINITION_REPRESENTATION(#3104,#3101);
#3100=REPRESENTATION('material name',(#3102),#5295);
#3101=REPRESENTATION('density',(#3097),#5295);
#3102=DESCRIPTIVE_REPRESENTATION_ITEM('Steel','Steel');
#3103=PROPERTY_DEFINITION('material property','material name',#5305);
#3104=PROPERTY_DEFINITION('material property','density of part',#5305);
#3105=AXIS2_PLACEMENT_3D('',#4291,#3398,#3399);
#3106=AXIS2_PLACEMENT_3D('',#4292,#3400,#3401);
#3107=AXIS2_PLACEMENT_3D('',#4301,#3406,#3407);
#3108=AXIS2_PLACEMENT_3D('',#4305,#3409,#3410);
#3109=AXIS2_PLACEMENT_3D('',#4313,#3414,#3415);
#3110=AXIS2_PLACEMENT_3D('',#4315,#3417,#3418);
#3111=AXIS2_PLACEMENT_3D('',#4324,#3423,#3424);
#3112=AXIS2_PLACEMENT_3D('',#4328,#3426,#3427);
#3113=AXIS2_PLACEMENT_3D('',#4332,#3429,#3430);
#3114=AXIS2_PLACEMENT_3D('',#4334,#3432,#3433);
#3115=AXIS2_PLACEMENT_3D('',#4341,#3434,#3435);
#3116=AXIS2_PLACEMENT_3D('',#4344,#3437,#3438);
#3117=AXIS2_PLACEMENT_3D('',#4345,#3439,#3440);
#3118=AXIS2_PLACEMENT_3D('',#4351,#3444,#3445);
#3119=AXIS2_PLACEMENT_3D('',#4357,#3446,#3447);
#3120=AXIS2_PLACEMENT_3D('',#4358,#3448,#3449);
#3121=AXIS2_PLACEMENT_3D('',#4359,#3450,#3451);
#3122=AXIS2_PLACEMENT_3D('',#4363,#3453,#3454);
#3123=AXIS2_PLACEMENT_3D('',#4367,#3456,#3457);
#3124=AXIS2_PLACEMENT_3D('',#4370,#3459,#3460);
#3125=AXIS2_PLACEMENT_3D('',#4371,#3461,#3462);
#3126=AXIS2_PLACEMENT_3D('',#4382,#3469,#3470);
#3127=AXIS2_PLACEMENT_3D('',#4386,#3472,#3473);
#3128=AXIS2_PLACEMENT_3D('',#4388,#3475,#3476);
#3129=AXIS2_PLACEMENT_3D('',#4392,#3478,#3479);
#3130=AXIS2_PLACEMENT_3D('',#4394,#3481,#3482);
#3131=AXIS2_PLACEMENT_3D('',#4398,#3484,#3485);
#3132=AXIS2_PLACEMENT_3D('',#4400,#3487,#3488);
#3133=AXIS2_PLACEMENT_3D('',#4421,#3491,#3492);
#3134=AXIS2_PLACEMENT_3D('',#4423,#3494,#3495);
#3135=AXIS2_PLACEMENT_3D('',#4427,#3497,#3498);
#3136=AXIS2_PLACEMENT_3D('',#4429,#3500,#3501);
#3137=AXIS2_PLACEMENT_3D('',#4433,#3503,#3504);
#3138=AXIS2_PLACEMENT_3D('',#4435,#3506,#3507);
#3139=AXIS2_PLACEMENT_3D('',#4439,#3509,#3510);
#3140=AXIS2_PLACEMENT_3D('',#4441,#3512,#3513);
#3141=AXIS2_PLACEMENT_3D('',#4462,#3516,#3517);
#3142=AXIS2_PLACEMENT_3D('',#4464,#3519,#3520);
#3143=AXIS2_PLACEMENT_3D('',#4468,#3522,#3523);
#3144=AXIS2_PLACEMENT_3D('',#4470,#3525,#3526);
#3145=AXIS2_PLACEMENT_3D('',#4473,#3527,#3528);
#3146=AXIS2_PLACEMENT_3D('',#4475,#3529,#3530);
#3147=AXIS2_PLACEMENT_3D('',#4476,#3531,#3532);
#3148=AXIS2_PLACEMENT_3D('',#4477,#3533,#3534);
#3149=AXIS2_PLACEMENT_3D('',#4480,#3535,#3536);
#3150=AXIS2_PLACEMENT_3D('',#4482,#3537,#3538);
#3151=AXIS2_PLACEMENT_3D('',#4483,#3539,#3540);
#3152=AXIS2_PLACEMENT_3D('',#4484,#3541,#3542);
#3153=AXIS2_PLACEMENT_3D('',#4487,#3543,#3544);
#3154=AXIS2_PLACEMENT_3D('',#4489,#3545,#3546);
#3155=AXIS2_PLACEMENT_3D('',#4490,#3547,#3548);
#3156=AXIS2_PLACEMENT_3D('',#4491,#3549,#3550);
#3157=AXIS2_PLACEMENT_3D('',#4494,#3553,#3554);
#3158=AXIS2_PLACEMENT_3D('',#4497,#3555,#3556);
#3159=AXIS2_PLACEMENT_3D('',#4499,#3557,#3558);
#3160=AXIS2_PLACEMENT_3D('',#4500,#3559,#3560);
#3161=AXIS2_PLACEMENT_3D('',#4501,#3561,#3562);
#3162=AXIS2_PLACEMENT_3D('',#4504,#3563,#3564);
#3163=AXIS2_PLACEMENT_3D('',#4506,#3565,#3566);
#3164=AXIS2_PLACEMENT_3D('',#4507,#3567,#3568);
#3165=AXIS2_PLACEMENT_3D('',#4508,#3569,#3570);
#3166=AXIS2_PLACEMENT_3D('',#4511,#3573,#3574);
#3167=AXIS2_PLACEMENT_3D('',#4514,#3575,#3576);
#3168=AXIS2_PLACEMENT_3D('',#4516,#3577,#3578);
#3169=AXIS2_PLACEMENT_3D('',#4517,#3579,#3580);
#3170=AXIS2_PLACEMENT_3D('',#4518,#3581,#3582);
#3171=AXIS2_PLACEMENT_3D('',#4561,#3587,#3588);
#3172=AXIS2_PLACEMENT_3D('',#4564,#3591,#3592);
#3173=AXIS2_PLACEMENT_3D('',#4569,#3595,#3596);
#3174=AXIS2_PLACEMENT_3D('',#4570,#3597,#3598);
#3175=AXIS2_PLACEMENT_3D('',#4573,#3601,#3602);
#3176=AXIS2_PLACEMENT_3D('',#4577,#3606,#3607);
#3177=AXIS2_PLACEMENT_3D('',#4614,#3612,#3613);
#3178=AXIS2_PLACEMENT_3D('',#4619,#3616,#3617);
#3179=AXIS2_PLACEMENT_3D('',#4620,#3618,#3619);
#3180=AXIS2_PLACEMENT_3D('',#4625,#3622,#3623);
#3181=AXIS2_PLACEMENT_3D('',#4626,#3624,#3625);
#3182=AXIS2_PLACEMENT_3D('',#4629,#3628,#3629);
#3183=AXIS2_PLACEMENT_3D('',#4634,#3632,#3633);
#3184=AXIS2_PLACEMENT_3D('',#4636,#3635,#3636);
#3185=AXIS2_PLACEMENT_3D('',#4641,#3639,#3640);
#3186=AXIS2_PLACEMENT_3D('',#4642,#3641,#3642);
#3187=AXIS2_PLACEMENT_3D('',#4645,#3645,#3646);
#3188=AXIS2_PLACEMENT_3D('',#4660,#3649,#3650);
#3189=AXIS2_PLACEMENT_3D('',#4671,#3652,#3653);
#3190=AXIS2_PLACEMENT_3D('',#4676,#3656,#3657);
#3191=AXIS2_PLACEMENT_3D('',#4677,#3658,#3659);
#3192=AXIS2_PLACEMENT_3D('',#4682,#3662,#3663);
#3193=AXIS2_PLACEMENT_3D('',#4683,#3664,#3665);
#3194=AXIS2_PLACEMENT_3D('',#4688,#3668,#3669);
#3195=AXIS2_PLACEMENT_3D('',#4689,#3670,#3671);
#3196=AXIS2_PLACEMENT_3D('',#4704,#3674,#3675);
#3197=AXIS2_PLACEMENT_3D('',#4715,#3677,#3678);
#3198=AXIS2_PLACEMENT_3D('',#4720,#3681,#3682);
#3199=AXIS2_PLACEMENT_3D('',#4721,#3683,#3684);
#3200=AXIS2_PLACEMENT_3D('',#4724,#3687,#3688);
#3201=AXIS2_PLACEMENT_3D('',#4727,#3690,#3691);
#3202=AXIS2_PLACEMENT_3D('',#4728,#3692,#3693);
#3203=AXIS2_PLACEMENT_3D('',#4729,#3694,#3695);
#3204=AXIS2_PLACEMENT_3D('',#4730,#3696,#3697);
#3205=AXIS2_PLACEMENT_3D('',#4731,#3698,#3699);
#3206=AXIS2_PLACEMENT_3D('',#4732,#3700,#3701);
#3207=AXIS2_PLACEMENT_3D('',#4733,#3702,#3703);
#3208=AXIS2_PLACEMENT_3D('',#4736,#3706,#3707);
#3209=AXIS2_PLACEMENT_3D('',#4738,#3709,#3710);
#3210=AXIS2_PLACEMENT_3D('',#4740,#3712,#3713);
#3211=AXIS2_PLACEMENT_3D('',#4741,#3714,#3715);
#3212=AXIS2_PLACEMENT_3D('',#4744,#3717,#3718);
#3213=AXIS2_PLACEMENT_3D('',#4745,#3719,#3720);
#3214=AXIS2_PLACEMENT_3D('',#4746,#3721,#3722);
#3215=AXIS2_PLACEMENT_3D('',#4747,#3723,#3724);
#3216=AXIS2_PLACEMENT_3D('',#4749,#3726,#3727);
#3217=AXIS2_PLACEMENT_3D('',#4751,#3729,#3730);
#3218=AXIS2_PLACEMENT_3D('',#4753,#3732,#3733);
#3219=AXIS2_PLACEMENT_3D('',#4755,#3735,#3736);
#3220=AXIS2_PLACEMENT_3D('',#4756,#3737,#3738);
#3221=AXIS2_PLACEMENT_3D('',#4759,#3740,#3741);
#3222=AXIS2_PLACEMENT_3D('',#4760,#3742,#3743);
#3223=AXIS2_PLACEMENT_3D('',#4761,#3744,#3745);
#3224=AXIS2_PLACEMENT_3D('',#4762,#3746,#3747);
#3225=AXIS2_PLACEMENT_3D('',#4764,#3749,#3750);
#3226=AXIS2_PLACEMENT_3D('',#4766,#3752,#3753);
#3227=AXIS2_PLACEMENT_3D('',#4767,#3754,#3755);
#3228=AXIS2_PLACEMENT_3D('',#4768,#3756,#3757);
#3229=AXIS2_PLACEMENT_3D('',#4771,#3758,#3759);
#3230=AXIS2_PLACEMENT_3D('',#4776,#3762,#3763);
#3231=AXIS2_PLACEMENT_3D('',#4778,#3765,#3766);
#3232=AXIS2_PLACEMENT_3D('',#4788,#3771,#3772);
#3233=AXIS2_PLACEMENT_3D('',#4789,#3773,#3774);
#3234=AXIS2_PLACEMENT_3D('',#4795,#3778,#3779);
#3235=AXIS2_PLACEMENT_3D('',#4799,#3782,#3783);
#3236=AXIS2_PLACEMENT_3D('',#4803,#3786,#3787);
#3237=AXIS2_PLACEMENT_3D('',#4805,#3789,#3790);
#3238=AXIS2_PLACEMENT_3D('',#4807,#3791,#3792);
#3239=AXIS2_PLACEMENT_3D('',#4808,#3793,#3794);
#3240=AXIS2_PLACEMENT_3D('',#4810,#3796,#3797);
#3241=AXIS2_PLACEMENT_3D('',#4813,#3799,#3800);
#3242=AXIS2_PLACEMENT_3D('',#4814,#3801,#3802);
#3243=AXIS2_PLACEMENT_3D('',#4815,#3803,#3804);
#3244=AXIS2_PLACEMENT_3D('',#4824,#3809,#3810);
#3245=AXIS2_PLACEMENT_3D('',#4827,#3813,#3814);
#3246=AXIS2_PLACEMENT_3D('',#4831,#3816,#3817);
#3247=AXIS2_PLACEMENT_3D('',#4833,#3819,#3820);
#3248=AXIS2_PLACEMENT_3D('',#4836,#3823,#3824);
#3249=AXIS2_PLACEMENT_3D('',#4837,#3825,#3826);
#3250=AXIS2_PLACEMENT_3D('',#4846,#3831,#3832);
#3251=AXIS2_PLACEMENT_3D('',#4852,#3836,#3837);
#3252=AXIS2_PLACEMENT_3D('',#4858,#3841,#3842);
#3253=AXIS2_PLACEMENT_3D('',#4861,#3845,#3846);
#3254=AXIS2_PLACEMENT_3D('',#4863,#3847,#3848);
#3255=AXIS2_PLACEMENT_3D('',#4864,#3849,#3850);
#3256=AXIS2_PLACEMENT_3D('',#4866,#3851,#3852);
#3257=AXIS2_PLACEMENT_3D('',#4867,#3853,#3854);
#3258=AXIS2_PLACEMENT_3D('',#4876,#3859,#3860);
#3259=AXIS2_PLACEMENT_3D('',#4882,#3864,#3865);
#3260=AXIS2_PLACEMENT_3D('',#4888,#3869,#3870);
#3261=AXIS2_PLACEMENT_3D('',#4891,#3873,#3874);
#3262=AXIS2_PLACEMENT_3D('',#4893,#3875,#3876);
#3263=AXIS2_PLACEMENT_3D('',#4894,#3877,#3878);
#3264=AXIS2_PLACEMENT_3D('',#4896,#3879,#3880);
#3265=AXIS2_PLACEMENT_3D('',#4897,#3881,#3882);
#3266=AXIS2_PLACEMENT_3D('',#4900,#3884,#3885);
#3267=AXIS2_PLACEMENT_3D('',#4901,#3886,#3887);
#3268=AXIS2_PLACEMENT_3D('',#4904,#3889,#3890);
#3269=AXIS2_PLACEMENT_3D('',#4905,#3891,#3892);
#3270=AXIS2_PLACEMENT_3D('',#4907,#3894,#3895);
#3271=AXIS2_PLACEMENT_3D('',#4908,#3896,#3897);
#3272=AXIS2_PLACEMENT_3D('',#4909,#3898,#3899);
#3273=AXIS2_PLACEMENT_3D('',#4915,#3903,#3904);
#3274=AXIS2_PLACEMENT_3D('',#4916,#3905,#3906);
#3275=AXIS2_PLACEMENT_3D('',#4917,#3907,#3908);
#3276=AXIS2_PLACEMENT_3D('',#4921,#3911,#3912);
#3277=AXIS2_PLACEMENT_3D('',#4923,#3913,#3914);
#3278=AXIS2_PLACEMENT_3D('',#4925,#3916,#3917);
#3279=AXIS2_PLACEMENT_3D('',#4929,#3920,#3921);
#3280=AXIS2_PLACEMENT_3D('',#4930,#3922,#3923);
#3281=AXIS2_PLACEMENT_3D('',#4931,#3924,#3925);
#3282=AXIS2_PLACEMENT_3D('',#4933,#3926,#3927);
#3283=AXIS2_PLACEMENT_3D('',#4935,#3929,#3930);
#3284=AXIS2_PLACEMENT_3D('',#4937,#3932,#3933);
#3285=AXIS2_PLACEMENT_3D('',#4939,#3935,#3936);
#3286=AXIS2_PLACEMENT_3D('',#4942,#3938,#3939);
#3287=AXIS2_PLACEMENT_3D('',#4943,#3940,#3941);
#3288=AXIS2_PLACEMENT_3D('',#4945,#3943,#3944);
#3289=AXIS2_PLACEMENT_3D('',#4946,#3945,#3946);
#3290=AXIS2_PLACEMENT_3D('',#4955,#3951,#3952);
#3291=AXIS2_PLACEMENT_3D('',#4961,#3956,#3957);
#3292=AXIS2_PLACEMENT_3D('',#4967,#3961,#3962);
#3293=AXIS2_PLACEMENT_3D('',#4970,#3965,#3966);
#3294=AXIS2_PLACEMENT_3D('',#4972,#3967,#3968);
#3295=AXIS2_PLACEMENT_3D('',#4973,#3969,#3970);
#3296=AXIS2_PLACEMENT_3D('',#4975,#3971,#3972);
#3297=AXIS2_PLACEMENT_3D('',#4976,#3973,#3974);
#3298=AXIS2_PLACEMENT_3D('',#4985,#3979,#3980);
#3299=AXIS2_PLACEMENT_3D('',#4991,#3984,#3985);
#3300=AXIS2_PLACEMENT_3D('',#4997,#3989,#3990);
#3301=AXIS2_PLACEMENT_3D('',#5000,#3993,#3994);
#3302=AXIS2_PLACEMENT_3D('',#5002,#3995,#3996);
#3303=AXIS2_PLACEMENT_3D('',#5003,#3997,#3998);
#3304=AXIS2_PLACEMENT_3D('',#5005,#3999,#4000);
#3305=AXIS2_PLACEMENT_3D('',#5006,#4001,#4002);
#3306=AXIS2_PLACEMENT_3D('',#5009,#4004,#4005);
#3307=AXIS2_PLACEMENT_3D('',#5010,#4006,#4007);
#3308=AXIS2_PLACEMENT_3D('',#5013,#4009,#4010);
#3309=AXIS2_PLACEMENT_3D('',#5014,#4011,#4012);
#3310=AXIS2_PLACEMENT_3D('',#5016,#4013,#4014);
#3311=AXIS2_PLACEMENT_3D('',#5018,#4016,#4017);
#3312=AXIS2_PLACEMENT_3D('',#5019,#4018,#4019);
#3313=AXIS2_PLACEMENT_3D('',#5021,#4020,#4021);
#3314=AXIS2_PLACEMENT_3D('',#5023,#4023,#4024);
#3315=AXIS2_PLACEMENT_3D('',#5024,#4025,#4026);
#3316=AXIS2_PLACEMENT_3D('',#5027,#4027,#4028);
#3317=AXIS2_PLACEMENT_3D('',#5035,#4032,#4033);
#3318=AXIS2_PLACEMENT_3D('',#5043,#4037,#4038);
#3319=AXIS2_PLACEMENT_3D('',#5051,#4042,#4043);
#3320=AXIS2_PLACEMENT_3D('',#5065,#4051,#4052);
#3321=AXIS2_PLACEMENT_3D('',#5068,#4053,#4054);
#3322=AXIS2_PLACEMENT_3D('',#5084,#4062,#4063);
#3323=AXIS2_PLACEMENT_3D('',#5092,#4067,#4068);
#3324=AXIS2_PLACEMENT_3D('',#5100,#4072,#4073);
#3325=AXIS2_PLACEMENT_3D('',#5106,#4077,#4078);
#3326=AXIS2_PLACEMENT_3D('',#5109,#4081,#4082);
#3327=AXIS2_PLACEMENT_3D('',#5112,#4085,#4086);
#3328=AXIS2_PLACEMENT_3D('',#5115,#4089,#4090);
#3329=AXIS2_PLACEMENT_3D('',#5117,#4092,#4093);
#3330=AXIS2_PLACEMENT_3D('',#5119,#4095,#4096);
#3331=AXIS2_PLACEMENT_3D('',#5121,#4098,#4099);
#3332=AXIS2_PLACEMENT_3D('',#5123,#4101,#4102);
#3333=AXIS2_PLACEMENT_3D('',#5125,#4104,#4105);
#3334=AXIS2_PLACEMENT_3D('',#5128,#4108,#4109);
#3335=AXIS2_PLACEMENT_3D('',#5130,#4111,#4112);
#3336=AXIS2_PLACEMENT_3D('',#5132,#4114,#4115);
#3337=AXIS2_PLACEMENT_3D('',#5134,#4117,#4118);
#3338=AXIS2_PLACEMENT_3D('',#5136,#4119,#4120);
#3339=AXIS2_PLACEMENT_3D('',#5139,#4122,#4123);
#3340=AXIS2_PLACEMENT_3D('',#5140,#4124,#4125);
#3341=AXIS2_PLACEMENT_3D('',#5141,#4126,#4127);
#3342=AXIS2_PLACEMENT_3D('',#5142,#4128,#4129);
#3343=AXIS2_PLACEMENT_3D('',#5144,#4130,#4131);
#3344=AXIS2_PLACEMENT_3D('',#5147,#4133,#4134);
#3345=AXIS2_PLACEMENT_3D('',#5148,#4135,#4136);
#3346=AXIS2_PLACEMENT_3D('',#5150,#4137,#4138);
#3347=AXIS2_PLACEMENT_3D('',#5152,#4140,#4141);
#3348=AXIS2_PLACEMENT_3D('',#5155,#4143,#4144);
#3349=AXIS2_PLACEMENT_3D('',#5156,#4145,#4146);
#3350=AXIS2_PLACEMENT_3D('',#5158,#4147,#4148);
#3351=AXIS2_PLACEMENT_3D('',#5160,#4150,#4151);
#3352=AXIS2_PLACEMENT_3D('',#5163,#4153,#4154);
#3353=AXIS2_PLACEMENT_3D('',#5164,#4155,#4156);
#3354=AXIS2_PLACEMENT_3D('',#5166,#4158,#4159);
#3355=AXIS2_PLACEMENT_3D('',#5168,#4161,#4162);
#3356=AXIS2_PLACEMENT_3D('',#5169,#4163,#4164);
#3357=AXIS2_PLACEMENT_3D('',#5171,#4165,#4166);
#3358=AXIS2_PLACEMENT_3D('',#5174,#4168,#4169);
#3359=AXIS2_PLACEMENT_3D('',#5175,#4170,#4171);
#3360=AXIS2_PLACEMENT_3D('',#5177,#4172,#4173);
#3361=AXIS2_PLACEMENT_3D('',#5178,#4174,#4175);
#3362=AXIS2_PLACEMENT_3D('',#5180,#4176,#4177);
#3363=AXIS2_PLACEMENT_3D('',#5183,#4179,#4180);
#3364=AXIS2_PLACEMENT_3D('',#5184,#4181,#4182);
#3365=AXIS2_PLACEMENT_3D('',#5186,#4183,#4184);
#3366=AXIS2_PLACEMENT_3D('',#5187,#4185,#4186);
#3367=AXIS2_PLACEMENT_3D('',#5196,#4191,#4192);
#3368=AXIS2_PLACEMENT_3D('',#5205,#4197,#4198);
#3369=AXIS2_PLACEMENT_3D('',#5208,#4199,#4200);
#3370=AXIS2_PLACEMENT_3D('',#5212,#4202,#4203);
#3371=AXIS2_PLACEMENT_3D('',#5216,#4205,#4206);
#3372=AXIS2_PLACEMENT_3D('',#5220,#4208,#4209);
#3373=AXIS2_PLACEMENT_3D('',#5232,#4217,#4218);
#3374=AXIS2_PLACEMENT_3D('',#5238,#4222,#4223);
#3375=AXIS2_PLACEMENT_3D('',#5244,#4227,#4228);
#3376=AXIS2_PLACEMENT_3D('',#5246,#4230,#4231);
#3377=AXIS2_PLACEMENT_3D('',#5247,#4232,#4233);
#3378=AXIS2_PLACEMENT_3D('',#5249,#4235,#4236);
#3379=AXIS2_PLACEMENT_3D('',#5250,#4237,#4238);
#3380=AXIS2_PLACEMENT_3D('',#5252,#4240,#4241);
#3381=AXIS2_PLACEMENT_3D('',#5254,#4243,#4244);
#3382=AXIS2_PLACEMENT_3D('',#5255,#4245,#4246);
#3383=AXIS2_PLACEMENT_3D('',#5257,#4248,#4249);
#3384=AXIS2_PLACEMENT_3D('',#5259,#4251,#4252);
#3385=AXIS2_PLACEMENT_3D('',#5260,#4253,#4254);
#3386=AXIS2_PLACEMENT_3D('',#5263,#4255,#4256);
#3387=AXIS2_PLACEMENT_3D('',#5266,#4259,#4260);
#3388=AXIS2_PLACEMENT_3D('',#5270,#4263,#4264);
#3389=AXIS2_PLACEMENT_3D('',#5272,#4265,#4266);
#3390=AXIS2_PLACEMENT_3D('',#5274,#4268,#4269);
#3391=AXIS2_PLACEMENT_3D('',#5277,#4270,#4271);
#3392=AXIS2_PLACEMENT_3D('',#5280,#4274,#4275);
#3393=AXIS2_PLACEMENT_3D('',#5284,#4278,#4279);
#3394=AXIS2_PLACEMENT_3D('',#5286,#4280,#4281);
#3395=AXIS2_PLACEMENT_3D('',#5288,#4283,#4284);
#3396=AXIS2_PLACEMENT_3D('',#5290,#4286,#4287);
#3397=AXIS2_PLACEMENT_3D('',#5292,#4289,#4290);
#3398=DIRECTION('axis',(0.,0.,1.));
#3399=DIRECTION('refdir',(1.,0.,0.));
#3400=DIRECTION('center_axis',(0.707106781186537,0.707106781186558,-1.25607396694705E-15));
#3401=DIRECTION('ref_axis',(-1.77635683940031E-15,0.,-1.));
#3402=DIRECTION('',(-0.707106781186558,0.707106781186537,-1.30841038223646E-15));
#3403=DIRECTION('',(0.,-1.77635683940026E-15,-1.));
#3404=DIRECTION('',(0.707106781186558,-0.707106781186537,9.18794846192737E-15));
#3405=DIRECTION('',(0.,1.77635683940026E-15,1.));
#3406=DIRECTION('center_axis',(0.,1.,-1.77635683940026E-15));
#3407=DIRECTION('ref_axis',(-1.,0.,0.));
#3408=DIRECTION('',(1.,0.,1.1143349617534E-14));
#3409=DIRECTION('center_axis',(0.,-1.,0.));
#3410=DIRECTION('ref_axis',(0.,-1.85037170770859E-15,-1.));
#3411=DIRECTION('',(1.,0.,0.));
#3412=DIRECTION('',(0.,-1.77635683940026E-15,-1.));
#3413=DIRECTION('',(-1.,0.,0.));
#3414=DIRECTION('center_axis',(0.,-1.,0.));
#3415=DIRECTION('ref_axis',(-1.,0.,0.));
#3416=DIRECTION('',(-1.,0.,0.));
#3417=DIRECTION('center_axis',(0.707106781186546,-0.707106781186549,0.));
#3418=DIRECTION('ref_axis',(0.,0.,-1.));
#3419=DIRECTION('',(0.707106781186549,0.707106781186546,0.));
#3420=DIRECTION('',(0.,0.,-1.));
#3421=DIRECTION('',(-0.707106781186549,-0.707106781186546,0.));
#3422=DIRECTION('',(0.,0.,1.));
#3423=DIRECTION('center_axis',(0.,-1.,0.));
#3424=DIRECTION('ref_axis',(0.,0.,-1.));
#3425=DIRECTION('',(1.,0.,0.));
#3426=DIRECTION('center_axis',(0.,1.,0.));
#3427=DIRECTION('ref_axis',(-0.707106781186548,0.,0.707106781186547));
#3428=DIRECTION('',(0.,0.,1.));
#3429=DIRECTION('center_axis',(0.,1.,0.));
#3430=DIRECTION('ref_axis',(-0.707106781186548,0.,-0.707106781186547));
#3431=DIRECTION('',(-1.,0.,0.));
#3432=DIRECTION('center_axis',(0.,1.,0.));
#3433=DIRECTION('ref_axis',(0.707106781186547,0.,0.707106781186548));
#3434=DIRECTION('center_axis',(0.,1.,0.));
#3435=DIRECTION('ref_axis',(0.707106781186547,0.,0.707106781186548));
#3436=DIRECTION('',(-0.707106781186546,-0.707106781186549,0.));
#3437=DIRECTION('center_axis',(0.,-1.,0.));
#3438=DIRECTION('ref_axis',(0.707106781186547,0.,0.707106781186548));
#3439=DIRECTION('center_axis',(-0.707106781186544,0.707106781186551,0.));
#3440=DIRECTION('ref_axis',(0.,0.,1.));
#3441=DIRECTION('',(0.,0.,-1.));
#3442=DIRECTION('',(-0.707106781186551,-0.707106781186544,0.));
#3443=DIRECTION('',(0.,0.,1.));
#3444=DIRECTION('center_axis',(0.,1.,0.));
#3445=DIRECTION('ref_axis',(0.707106781186547,0.,-0.707106781186548));
#3446=DIRECTION('center_axis',(0.,-1.,0.));
#3447=DIRECTION('ref_axis',(0.707106781186547,0.,-0.707106781186548));
#3448=DIRECTION('center_axis',(0.,1.,0.));
#3449=DIRECTION('ref_axis',(0.707106781186547,0.,-0.707106781186548));
#3450=DIRECTION('center_axis',(0.,1.,0.));
#3451=DIRECTION('ref_axis',(-1.,0.,0.));
#3452=DIRECTION('',(-1.,0.,0.));
#3453=DIRECTION('center_axis',(0.,-1.,0.));
#3454=DIRECTION('ref_axis',(0.,1.85037170770859E-15,1.));
#3455=DIRECTION('',(0.,0.,1.));
#3456=DIRECTION('center_axis',(0.,-1.,0.));
#3457=DIRECTION('ref_axis',(1.,0.,0.));
#3458=DIRECTION('',(1.,0.,1.1143349617534E-14));
#3459=DIRECTION('center_axis',(0.,-1.,0.));
#3460=DIRECTION('ref_axis',(0.,1.77635683940025E-15,1.));
#3461=DIRECTION('center_axis',(-1.,0.,0.));
#3462=DIRECTION('ref_axis',(0.,0.,1.));
#3463=DIRECTION('',(0.,-1.,1.85037170770859E-15));
#3464=DIRECTION('',(0.,0.,-1.));
#3465=DIRECTION('',(0.,1.,0.));
#3466=DIRECTION('',(0.,-1.,0.));
#3467=DIRECTION('',(0.,0.,-1.));
#3468=DIRECTION('',(0.,1.,-1.85037170770859E-15));
#3469=DIRECTION('center_axis',(0.,1.,0.));
#3470=DIRECTION('ref_axis',(-1.,0.,0.));
#3471=DIRECTION('',(1.,0.,0.));
#3472=DIRECTION('center_axis',(0.,-1.,0.));
#3473=DIRECTION('ref_axis',(0.707106781186547,0.,-0.707106781186548));
#3474=DIRECTION('',(1.,0.,1.1143349617534E-14));
#3475=DIRECTION('center_axis',(0.,-1.,0.));
#3476=DIRECTION('ref_axis',(-0.707106781186548,0.,0.707106781186547));
#3477=DIRECTION('',(0.,-1.,0.));
#3478=DIRECTION('center_axis',(-0.227835428288773,-0.97369965472751,-3.05136216086914E-15));
#3479=DIRECTION('ref_axis',(-0.97369965472751,0.227835428288772,-1.30405982283015E-14));
#3480=DIRECTION('',(0.,1.,0.));
#3481=DIRECTION('center_axis',(-0.443686555718943,-0.896182035232944,0.));
#3482=DIRECTION('ref_axis',(-0.633696394290776,0.31373377227017,0.707106781186547));
#3483=DIRECTION('',(-0.443686555718943,-0.896182035232944,0.));
#3484=DIRECTION('center_axis',(-0.227835428288775,-0.973699654727509,0.));
#3485=DIRECTION('ref_axis',(0.973699654727509,-0.227835428288775,0.));
#3486=DIRECTION('',(0.443686555718943,0.896182035232944,0.));
#3487=DIRECTION('center_axis',(0.,-1.,0.));
#3488=DIRECTION('ref_axis',(-0.707106781186547,0.,0.707106781186548));
#3489=DIRECTION('',(0.,1.,0.));
#3490=DIRECTION('',(0.,-1.,0.));
#3491=DIRECTION('center_axis',(-0.382683432365088,-0.923879532511287,-2.8324263850287E-16));
#3492=DIRECTION('ref_axis',(-0.923879532511287,0.382683432365088,-6.83808219315971E-16));
#3493=DIRECTION('',(0.,1.,0.));
#3494=DIRECTION('center_axis',(-0.707106781186545,-0.70710678118655,0.));
#3495=DIRECTION('ref_axis',(-0.500000000000002,0.499999999999996,0.707106781186549));
#3496=DIRECTION('',(-0.707106781186545,-0.70710678118655,0.));
#3497=DIRECTION('center_axis',(-0.38268343236517,-0.923879532511253,-1.41621319251465E-16));
#3498=DIRECTION('ref_axis',(0.923879532511253,-0.38268343236517,-3.41904109658146E-16));
#3499=DIRECTION('',(0.707106781186545,0.70710678118655,0.));
#3500=DIRECTION('center_axis',(-1.78074099087811E-13,-1.,0.));
#3501=DIRECTION('ref_axis',(-0.707106781186547,1.25607396694702E-13,0.707106781186548));
#3502=DIRECTION('',(-1.78074099087811E-13,-1.,0.));
#3503=DIRECTION('center_axis',(0.107268881071049,-0.994230047400382,2.94351224106151E-15));
#3504=DIRECTION('ref_axis',(0.994230047400382,0.107268881071049,2.72821743429106E-14));
#3505=DIRECTION('',(1.78074099087811E-13,1.,0.));
#3506=DIRECTION('center_axis',(0.21329988942389,-0.976986774307491,0.));
#3507=DIRECTION('ref_axis',(-0.690833973242398,-0.150825798237974,0.707106781186548));
#3508=DIRECTION('',(0.21329988942389,-0.976986774307491,0.));
#3509=DIRECTION('center_axis',(0.107268881071135,-0.994230047400372,2.94351224106148E-15));
#3510=DIRECTION('ref_axis',(-0.994230047400372,-0.107268881071135,2.72821743429309E-14));
#3511=DIRECTION('',(-0.21329988942389,0.976986774307491,0.));
#3512=DIRECTION('center_axis',(0.,-1.,0.));
#3513=DIRECTION('ref_axis',(-0.707106781186548,0.,0.707106781186548));
#3514=DIRECTION('',(0.,1.,0.));
#3515=DIRECTION('',(0.,-1.,0.));
#3516=DIRECTION('center_axis',(-0.38268343236508,-0.923879532511291,4.24863957754296E-16));
#3517=DIRECTION('ref_axis',(-0.923879532511291,0.38268343236508,1.02571232897396E-15));
#3518=DIRECTION('',(0.,1.,0.));
#3519=DIRECTION('center_axis',(-0.707106781186537,-0.707106781186559,0.));
#3520=DIRECTION('ref_axis',(-0.500000000000008,0.499999999999991,0.707106781186548));
#3521=DIRECTION('',(-0.707106781186537,-0.707106781186559,0.));
#3522=DIRECTION('center_axis',(-0.382683432365087,-0.923879532511288,0.));
#3523=DIRECTION('ref_axis',(0.923879532511288,-0.382683432365087,0.));
#3524=DIRECTION('',(0.707106781186537,0.707106781186559,0.));
#3525=DIRECTION('center_axis',(-0.408248290463864,-0.408248290463864,-0.816496580927725));
#3526=DIRECTION('ref_axis',(-0.577350269189627,-0.577350269189623,0.577350269189627));
#3527=DIRECTION('center_axis',(1.,-7.40148683083436E-16,3.70074341541719E-16));
#3528=DIRECTION('ref_axis',(-7.40148683083436E-16,-1.,0.));
#3529=DIRECTION('center_axis',(0.,0.,-1.));
#3530=DIRECTION('ref_axis',(-1.,5.9211894646675E-15,0.));
#3531=DIRECTION('center_axis',(5.9211894646675E-15,1.,0.));
#3532=DIRECTION('ref_axis',(0.,0.,1.));
#3533=DIRECTION('center_axis',(-0.816496580927726,-0.408248290463863,0.408248290463862));
#3534=DIRECTION('ref_axis',(0.577350269189626,-0.577350269189626,0.577350269189625));
#3535=DIRECTION('center_axis',(0.,1.,0.));
#3536=DIRECTION('ref_axis',(1.,0.,0.));
#3537=DIRECTION('center_axis',(0.,0.,-1.));
#3538=DIRECTION('ref_axis',(0.,-1.,0.));
#3539=DIRECTION('center_axis',(-1.,0.,0.));
#3540=DIRECTION('ref_axis',(0.,0.,1.));
#3541=DIRECTION('center_axis',(0.408248290463864,0.408248290463863,-0.816496580927725));
#3542=DIRECTION('ref_axis',(-0.577350269189626,-0.577350269189625,-0.577350269189626));
#3543=DIRECTION('center_axis',(5.9211894646675E-15,1.,0.));
#3544=DIRECTION('ref_axis',(-1.,5.9211894646675E-15,0.));
#3545=DIRECTION('center_axis',(0.,0.,1.));
#3546=DIRECTION('ref_axis',(-5.55111512312577E-16,-1.,0.));
#3547=DIRECTION('center_axis',(1.,-3.70074341541718E-16,0.));
#3548=DIRECTION('ref_axis',(0.,0.,-1.));
#3549=DIRECTION('center_axis',(0.,0.,1.));
#3550=DIRECTION('ref_axis',(-0.707106781186547,-0.707106781186548,0.));
#3551=DIRECTION('',(0.,0.,-1.));
#3552=DIRECTION('',(0.,0.,1.));
#3553=DIRECTION('center_axis',(0.439732612032306,0.182143211721529,-0.879465224064608));
#3554=DIRECTION('ref_axis',(0.812519920068743,0.33655677059078,0.47596314947797));
#3555=DIRECTION('center_axis',(-0.707106781186546,0.707106781186549,-2.09345661157836E-15));
#3556=DIRECTION('ref_axis',(0.707106781186549,0.707106781186546,0.));
#3557=DIRECTION('center_axis',(0.,0.,-1.));
#3558=DIRECTION('ref_axis',(1.,0.,0.));
#3559=DIRECTION('center_axis',(-5.92118946466751E-15,-1.,0.));
#3560=DIRECTION('ref_axis',(0.,0.,1.));
#3561=DIRECTION('center_axis',(-0.816496580927726,-0.408248290463864,-0.408248290463862));
#3562=DIRECTION('ref_axis',(0.577350269189625,-0.577350269189627,-0.577350269189625));
#3563=DIRECTION('center_axis',(-1.,1.48029736616687E-15,1.48029736616688E-15));
#3564=DIRECTION('ref_axis',(-1.48029736616687E-15,-1.,0.));
#3565=DIRECTION('center_axis',(0.,0.,1.));
#3566=DIRECTION('ref_axis',(1.,0.,0.));
#3567=DIRECTION('center_axis',(0.,1.,0.));
#3568=DIRECTION('ref_axis',(0.,0.,-1.));
#3569=DIRECTION('center_axis',(0.,0.,1.));
#3570=DIRECTION('ref_axis',(0.707106781186546,-0.707106781186549,0.));
#3571=DIRECTION('',(0.,0.,-1.));
#3572=DIRECTION('',(0.,0.,1.));
#3573=DIRECTION('center_axis',(-0.439732612032306,-0.182143211721529,-0.879465224064608));
#3574=DIRECTION('ref_axis',(0.812519920068745,0.336556770590775,-0.47596314947797));
#3575=DIRECTION('center_axis',(-0.707106781186552,0.707106781186543,0.));
#3576=DIRECTION('ref_axis',(0.,0.,-1.));
#3577=DIRECTION('center_axis',(0.,-1.,5.9211894646675E-15));
#3578=DIRECTION('ref_axis',(1.,0.,0.));
#3579=DIRECTION('center_axis',(0.,0.,1.));
#3580=DIRECTION('ref_axis',(0.707106781186547,0.707106781186548,0.));
#3581=DIRECTION('center_axis',(0.,-1.,0.));
#3582=DIRECTION('ref_axis',(0.707106781186547,0.,-0.707106781186548));
#3583=DIRECTION('',(0.,1.,0.));
#3584=DIRECTION('',(0.,-1.,0.));
#3585=DIRECTION('',(0.,1.,0.));
#3586=DIRECTION('',(0.,1.,0.));
#3587=DIRECTION('center_axis',(0.,0.,-1.));
#3588=DIRECTION('ref_axis',(0.923879532511287,0.38268343236509,0.));
#3589=DIRECTION('',(0.,0.,1.));
#3590=DIRECTION('',(0.,0.,-1.));
#3591=DIRECTION('center_axis',(-0.707106781186548,0.707106781186548,0.));
#3592=DIRECTION('ref_axis',(0.500000000000002,0.500000000000002,-0.707106781186545));
#3593=DIRECTION('',(0.707106781186548,-0.707106781186548,0.));
#3594=DIRECTION('',(-0.707106781186548,0.707106781186548,0.));
#3595=DIRECTION('center_axis',(-0.382683432365091,0.923879532511287,0.));
#3596=DIRECTION('ref_axis',(0.923879532511286,0.382683432365091,0.));
#3597=DIRECTION('center_axis',(-1.,4.93432455388958E-16,0.));
#3598=DIRECTION('ref_axis',(0.,-0.707106781186548,-0.707106781186547));
#3599=DIRECTION('',(1.,-4.93432455388958E-16,0.));
#3600=DIRECTION('',(-1.,4.93432455388958E-16,0.));
#3601=DIRECTION('center_axis',(0.,1.,0.));
#3602=DIRECTION('ref_axis',(0.707106781186547,0.,-0.707106781186548));
#3603=DIRECTION('',(0.,-1.,0.));
#3604=DIRECTION('',(0.,-1.,0.));
#3605=DIRECTION('',(0.,1.,0.));
#3606=DIRECTION('center_axis',(0.,1.,0.));
#3607=DIRECTION('ref_axis',(0.707106781186547,0.,0.707106781186548));
#3608=DIRECTION('',(0.,-1.,0.));
#3609=DIRECTION('',(0.,1.,0.));
#3610=DIRECTION('',(0.,-1.,0.));
#3611=DIRECTION('',(0.,-1.,0.));
#3612=DIRECTION('center_axis',(0.707106781186548,-0.707106781186548,0.));
#3613=DIRECTION('ref_axis',(0.500000000000002,0.500000000000002,0.707106781186545));
#3614=DIRECTION('',(0.707106781186548,-0.707106781186548,0.));
#3615=DIRECTION('',(-0.707106781186548,0.707106781186548,0.));
#3616=DIRECTION('center_axis',(-0.382683432365091,0.923879532511287,0.));
#3617=DIRECTION('ref_axis',(-0.923879532511286,-0.382683432365091,0.));
#3618=DIRECTION('center_axis',(5.92325691908952E-15,1.,0.));
#3619=DIRECTION('ref_axis',(-0.707106781186547,4.18691322315673E-15,-0.707106781186548));
#3620=DIRECTION('',(-5.92325691908953E-15,-1.,0.));
#3621=DIRECTION('',(5.92325691908953E-15,1.,0.));
#3622=DIRECTION('center_axis',(0.382683432365087,0.923879532511288,5.66485277005737E-16));
#3623=DIRECTION('ref_axis',(0.923879532511288,-0.382683432365087,1.36761643863197E-15));
#3624=DIRECTION('center_axis',(1.,-4.93432455388958E-16,0.));
#3625=DIRECTION('ref_axis',(0.,-0.707106781186548,0.707106781186547));
#3626=DIRECTION('',(-1.,4.93432455388958E-16,0.));
#3627=DIRECTION('',(1.,-4.93432455388958E-16,0.));
#3628=DIRECTION('center_axis',(0.,-1.,0.));
#3629=DIRECTION('ref_axis',(0.707106781186547,0.,0.707106781186548));
#3630=DIRECTION('',(0.,-1.,0.));
#3631=DIRECTION('',(0.,1.,0.));
#3632=DIRECTION('center_axis',(0.,-1.,0.));
#3633=DIRECTION('ref_axis',(0.707106781186547,0.,0.707106781186548));
#3634=DIRECTION('',(0.,1.,0.));
#3635=DIRECTION('center_axis',(0.707106781186537,0.707106781186559,0.));
#3636=DIRECTION('ref_axis',(-0.500000000000008,0.499999999999991,-0.707106781186548));
#3637=DIRECTION('',(-0.707106781186537,-0.707106781186559,0.));
#3638=DIRECTION('',(0.707106781186537,0.707106781186559,0.));
#3639=DIRECTION('center_axis',(0.38268343236508,0.923879532511291,1.41621319251432E-16));
#3640=DIRECTION('ref_axis',(-0.923879532511291,0.38268343236508,3.41904109657982E-16));
#3641=DIRECTION('center_axis',(-5.92325691908952E-15,-1.,0.));
#3642=DIRECTION('ref_axis',(-0.707106781186547,4.18691322315673E-15,0.707106781186548));
#3643=DIRECTION('',(-5.92325691908953E-15,-1.,0.));
#3644=DIRECTION('',(5.92325691908953E-15,1.,0.));
#3645=DIRECTION('center_axis',(0.,1.,0.));
#3646=DIRECTION('ref_axis',(-0.707106781186548,0.,-0.707106781186548));
#3647=DIRECTION('',(0.,-1.,0.));
#3648=DIRECTION('',(0.,1.,0.));
#3649=DIRECTION('center_axis',(-0.107268881071138,0.994230047400372,-2.98320970159179E-15));
#3650=DIRECTION('ref_axis',(-0.994230047400372,-0.107268881071138,-2.76501133730656E-14));
#3651=DIRECTION('',(0.,-1.,0.));
#3652=DIRECTION('center_axis',(-0.21329988942389,0.976986774307491,0.));
#3653=DIRECTION('ref_axis',(-0.690833973242398,-0.150825798237974,-0.707106781186548));
#3654=DIRECTION('',(0.21329988942389,-0.976986774307491,0.));
#3655=DIRECTION('',(-0.21329988942389,0.976986774307491,0.));
#3656=DIRECTION('center_axis',(-0.107268881071052,0.994230047400381,0.));
#3657=DIRECTION('ref_axis',(0.994230047400381,0.107268881071052,0.));
#3658=DIRECTION('center_axis',(1.78074099087811E-13,1.,0.));
#3659=DIRECTION('ref_axis',(-0.707106781186547,1.25607396694702E-13,-0.707106781186548));
#3660=DIRECTION('',(-1.78074099087811E-13,-1.,0.));
#3661=DIRECTION('',(1.78074099087811E-13,1.,0.));
#3662=DIRECTION('center_axis',(0.382683432365168,0.923879532511254,2.83242638502929E-16));
#3663=DIRECTION('ref_axis',(0.923879532511254,-0.382683432365168,6.83808219316291E-16));
#3664=DIRECTION('center_axis',(0.707106781186545,0.70710678118655,0.));
#3665=DIRECTION('ref_axis',(-0.500000000000002,0.499999999999996,-0.707106781186549));
#3666=DIRECTION('',(-0.707106781186545,-0.70710678118655,0.));
#3667=DIRECTION('',(0.707106781186545,0.70710678118655,0.));
#3668=DIRECTION('center_axis',(0.382683432365088,0.923879532511287,0.));
#3669=DIRECTION('ref_axis',(-0.923879532511287,0.382683432365088,0.));
#3670=DIRECTION('center_axis',(0.,1.,0.));
#3671=DIRECTION('ref_axis',(-0.707106781186547,0.,-0.707106781186548));
#3672=DIRECTION('',(0.,-1.,0.));
#3673=DIRECTION('',(0.,1.,0.));
#3674=DIRECTION('center_axis',(0.227835428288775,0.973699654727509,-3.38862634528452E-15));
#3675=DIRECTION('ref_axis',(0.973699654727509,-0.227835428288775,-1.4481963262632E-14));
#3676=DIRECTION('',(0.,-1.,0.));
#3677=DIRECTION('center_axis',(0.443686555718943,0.896182035232944,0.));
#3678=DIRECTION('ref_axis',(-0.633696394290776,0.31373377227017,-0.707106781186547));
#3679=DIRECTION('',(-0.443686555718943,-0.896182035232944,0.));
#3680=DIRECTION('',(0.443686555718943,0.896182035232944,0.));
#3681=DIRECTION('center_axis',(0.227835428288773,0.97369965472751,0.));
#3682=DIRECTION('ref_axis',(-0.97369965472751,0.227835428288772,0.));
#3683=DIRECTION('center_axis',(0.,1.,0.));
#3684=DIRECTION('ref_axis',(-0.707106781186548,0.,-0.707106781186547));
#3685=DIRECTION('',(0.,-1.,0.));
#3686=DIRECTION('',(0.,1.,0.));
#3687=DIRECTION('center_axis',(1.,0.,0.));
#3688=DIRECTION('ref_axis',(0.,0.,1.));
#3689=DIRECTION('',(-0.707106781186548,-8.65956056235493E-17,0.707106781186547));
#3690=DIRECTION('center_axis',(1.,0.,0.));
#3691=DIRECTION('ref_axis',(0.,0.,1.));
#3692=DIRECTION('center_axis',(-1.,0.,0.));
#3693=DIRECTION('ref_axis',(0.,0.,1.));
#3694=DIRECTION('center_axis',(-1.,0.,0.));
#3695=DIRECTION('ref_axis',(0.,0.,1.));
#3696=DIRECTION('center_axis',(1.,0.,0.));
#3697=DIRECTION('ref_axis',(0.,1.,0.));
#3698=DIRECTION('center_axis',(1.,0.,0.));
#3699=DIRECTION('ref_axis',(0.,1.,0.));
#3700=DIRECTION('center_axis',(-1.,0.,0.));
#3701=DIRECTION('ref_axis',(0.,0.,1.));
#3702=DIRECTION('center_axis',(0.,1.,0.));
#3703=DIRECTION('ref_axis',(-1.,0.,0.));
#3704=DIRECTION('',(-1.,0.,0.));
#3705=DIRECTION('',(-1.,0.,0.));
#3706=DIRECTION('center_axis',(-1.,5.92325691908952E-15,0.));
#3707=DIRECTION('ref_axis',(-5.92325691908953E-15,-1.,0.));
#3708=DIRECTION('',(0.,0.,1.));
#3709=DIRECTION('center_axis',(-0.707106781186559,0.707106781186537,0.));
#3710=DIRECTION('ref_axis',(-0.707106781186537,-0.707106781186559,0.));
#3711=DIRECTION('',(0.,0.,1.));
#3712=DIRECTION('center_axis',(-1.,0.,0.));
#3713=DIRECTION('ref_axis',(0.,0.,1.));
#3714=DIRECTION('center_axis',(1.,0.,0.));
#3715=DIRECTION('ref_axis',(0.,0.,1.));
#3716=DIRECTION('',(0.707106781186548,8.65956056235492E-17,0.707106781186547));
#3717=DIRECTION('center_axis',(-1.,0.,0.));
#3718=DIRECTION('ref_axis',(0.,0.,1.));
#3719=DIRECTION('center_axis',(1.,0.,0.));
#3720=DIRECTION('ref_axis',(0.,0.,1.));
#3721=DIRECTION('center_axis',(-1.,0.,0.));
#3722=DIRECTION('ref_axis',(0.,-1.,0.));
#3723=DIRECTION('center_axis',(-1.,0.,0.));
#3724=DIRECTION('ref_axis',(0.,-1.,0.));
#3725=DIRECTION('',(0.,0.,1.));
#3726=DIRECTION('center_axis',(-0.976986774307491,-0.21329988942389,0.));
#3727=DIRECTION('ref_axis',(0.21329988942389,-0.976986774307491,0.));
#3728=DIRECTION('',(0.,0.,-1.));
#3729=DIRECTION('center_axis',(-1.,1.78074099087811E-13,0.));
#3730=DIRECTION('ref_axis',(-1.78074099087811E-13,-1.,0.));
#3731=DIRECTION('',(0.,0.,1.));
#3732=DIRECTION('center_axis',(-0.70710678118655,0.707106781186545,0.));
#3733=DIRECTION('ref_axis',(-0.707106781186545,-0.70710678118655,0.));
#3734=DIRECTION('',(0.,0.,1.));
#3735=DIRECTION('center_axis',(-1.,0.,0.));
#3736=DIRECTION('ref_axis',(0.,0.,1.));
#3737=DIRECTION('center_axis',(1.,0.,0.));
#3738=DIRECTION('ref_axis',(0.,0.,1.));
#3739=DIRECTION('',(0.707106781186547,8.65956056235494E-17,0.707106781186548));
#3740=DIRECTION('center_axis',(-1.,0.,0.));
#3741=DIRECTION('ref_axis',(0.,0.,1.));
#3742=DIRECTION('center_axis',(1.,0.,0.));
#3743=DIRECTION('ref_axis',(0.,0.,1.));
#3744=DIRECTION('center_axis',(-1.,0.,0.));
#3745=DIRECTION('ref_axis',(0.,-1.,0.));
#3746=DIRECTION('center_axis',(-1.,0.,0.));
#3747=DIRECTION('ref_axis',(0.,-1.,0.));
#3748=DIRECTION('',(0.,0.,1.));
#3749=DIRECTION('center_axis',(-0.896182035232944,0.443686555718943,0.));
#3750=DIRECTION('ref_axis',(-0.443686555718943,-0.896182035232944,0.));
#3751=DIRECTION('',(0.,0.,1.));
#3752=DIRECTION('center_axis',(-1.,0.,0.));
#3753=DIRECTION('ref_axis',(0.,-1.,0.));
#3754=DIRECTION('center_axis',(-4.93432455388958E-16,-1.,0.));
#3755=DIRECTION('ref_axis',(1.,-4.93432455388958E-16,0.));
#3756=DIRECTION('center_axis',(0.,-1.,1.85037170770859E-15));
#3757=DIRECTION('ref_axis',(0.,-1.85037170770859E-15,-1.));
#3758=DIRECTION('center_axis',(0.,1.,0.));
#3759=DIRECTION('ref_axis',(0.,-1.85037170770859E-15,-1.));
#3760=DIRECTION('',(0.,1.,-1.85037170770859E-15));
#3761=DIRECTION('',(0.,-1.,1.85037170770859E-15));
#3762=DIRECTION('center_axis',(0.,-1.,2.66453525910039E-15));
#3763=DIRECTION('ref_axis',(0.,-1.85037170770859E-15,-1.));
#3764=DIRECTION('',(0.,-1.,1.85037170770859E-15));
#3765=DIRECTION('center_axis',(0.,-1.,1.70803542250025E-15));
#3766=DIRECTION('ref_axis',(0.,-1.70803542250025E-15,-1.));
#3767=DIRECTION('',(-1.,0.,0.));
#3768=DIRECTION('',(2.01858731750028E-15,1.77635683940025E-15,1.));
#3769=DIRECTION('',(1.,-1.12054105855257E-31,-6.30808536718838E-17));
#3770=DIRECTION('',(-4.03717463500057E-15,-1.77635683940025E-15,-1.));
#3771=DIRECTION('center_axis',(0.,1.,-1.70803542250025E-15));
#3772=DIRECTION('ref_axis',(0.,1.77635683940025E-15,1.));
#3773=DIRECTION('center_axis',(-1.,6.89563728340051E-30,4.03717463500057E-15));
#3774=DIRECTION('ref_axis',(4.03717463500057E-15,1.77635683940025E-15,1.));
#3775=DIRECTION('',(0.,-1.,1.70803542250025E-15));
#3776=DIRECTION('',(0.,1.,-1.70803542250025E-15));
#3777=DIRECTION('',(4.03717463500057E-15,1.77635683940025E-15,1.));
#3778=DIRECTION('center_axis',(-6.30808536718838E-17,-1.70803542250025E-15,
-1.));
#3779=DIRECTION('ref_axis',(-1.,1.12054105855257E-31,6.30808536718838E-17));
#3780=DIRECTION('',(0.,1.,-1.70803542250025E-15));
#3781=DIRECTION('',(-1.,1.12054105855257E-31,6.30808536718838E-17));
#3782=DIRECTION('center_axis',(1.,-3.44781864170025E-30,-2.01858731750028E-15));
#3783=DIRECTION('ref_axis',(-2.01858731750028E-15,-1.77635683940025E-15,
-1.));
#3784=DIRECTION('',(0.,1.,-1.70803542250025E-15));
#3785=DIRECTION('',(-2.01858731750028E-15,-1.77635683940025E-15,-1.));
#3786=DIRECTION('center_axis',(0.,1.70803542250025E-15,1.));
#3787=DIRECTION('ref_axis',(1.,0.,0.));
#3788=DIRECTION('',(1.,0.,0.));
#3789=DIRECTION('center_axis',(0.,1.,-1.70803542250025E-15));
#3790=DIRECTION('ref_axis',(0.,1.70803542250025E-15,1.));
#3791=DIRECTION('center_axis',(0.,-1.,1.70803542250025E-15));
#3792=DIRECTION('ref_axis',(0.,1.77635683940025E-15,1.));
#3793=DIRECTION('center_axis',(0.,-1.,1.77635683940025E-15));
#3794=DIRECTION('ref_axis',(0.,1.77635683940025E-15,1.));
#3795=DIRECTION('',(0.,-1.,1.77635683940025E-15));
#3796=DIRECTION('center_axis',(0.,-1.,1.77635683940025E-15));
#3797=DIRECTION('ref_axis',(0.,1.77635683940025E-15,1.));
#3798=DIRECTION('',(0.,-1.,1.77635683940025E-15));
#3799=DIRECTION('center_axis',(0.,-1.,1.77635683940025E-15));
#3800=DIRECTION('ref_axis',(0.,1.77635683940025E-15,1.));
#3801=DIRECTION('center_axis',(0.,-1.,1.77635683940025E-15));
#3802=DIRECTION('ref_axis',(0.,1.77635683940025E-15,1.));
#3803=DIRECTION('center_axis',(-0.707106781186548,0.707106781186548,0.));
#3804=DIRECTION('ref_axis',(0.,0.,1.));
#3805=DIRECTION('',(-0.707106781186548,-0.707106781186548,1.02056009814445E-14));
#3806=DIRECTION('',(0.,0.,-1.));
#3807=DIRECTION('',(0.707106781186548,0.707106781186548,0.));
#3808=DIRECTION('',(0.,0.,-1.));
#3809=DIRECTION('center_axis',(0.,-1.4432899320127E-14,-1.));
#3810=DIRECTION('ref_axis',(0.,-1.,1.4432899320127E-14));
#3811=DIRECTION('',(1.,0.,0.));
#3812=DIRECTION('',(0.,-1.,1.4432899320127E-14));
#3813=DIRECTION('center_axis',(0.,1.,0.));
#3814=DIRECTION('ref_axis',(0.,0.,-1.));
#3815=DIRECTION('',(0.,0.,-1.));
#3816=DIRECTION('center_axis',(0.,-1.,0.));
#3817=DIRECTION('ref_axis',(-1.,0.,0.));
#3818=DIRECTION('',(-1.,0.,0.));
#3819=DIRECTION('center_axis',(0.,0.,1.));
#3820=DIRECTION('ref_axis',(0.,1.,0.));
#3821=DIRECTION('',(0.,-1.,1.85037170770859E-15));
#3822=DIRECTION('',(0.,1.,0.));
#3823=DIRECTION('center_axis',(-1.,0.,0.));
#3824=DIRECTION('ref_axis',(0.,0.,1.));
#3825=DIRECTION('center_axis',(0.,-1.,0.));
#3826=DIRECTION('ref_axis',(0.,0.,1.));
#3827=DIRECTION('',(0.,0.,1.));
#3828=DIRECTION('',(-1.,0.,0.));
#3829=DIRECTION('',(0.,0.,1.));
#3830=DIRECTION('',(-1.,0.,0.));
#3831=DIRECTION('center_axis',(0.,1.09039761347114E-15,-1.));
#3832=DIRECTION('ref_axis',(0.,-1.,-1.09039761347114E-15));
#3833=DIRECTION('',(0.,-1.,-1.09039761347114E-15));
#3834=DIRECTION('',(-1.,0.,0.));
#3835=DIRECTION('',(0.,-1.,-1.09039761347114E-15));
#3836=DIRECTION('center_axis',(0.,1.,0.));
#3837=DIRECTION('ref_axis',(0.,0.,-1.));
#3838=DIRECTION('',(0.,0.,-1.));
#3839=DIRECTION('',(-1.,0.,0.));
#3840=DIRECTION('',(0.,0.,-1.));
#3841=DIRECTION('center_axis',(0.,9.91270557701033E-17,1.));
#3842=DIRECTION('ref_axis',(0.,1.,-9.91270557701033E-17));
#3843=DIRECTION('',(0.,1.,-9.91270557701033E-17));
#3844=DIRECTION('',(0.,1.,-9.91270557701033E-17));
#3845=DIRECTION('center_axis',(-1.,0.,0.));
#3846=DIRECTION('ref_axis',(0.,0.,1.));
#3847=DIRECTION('center_axis',(1.,0.,0.));
#3848=DIRECTION('ref_axis',(0.,0.,1.));
#3849=DIRECTION('center_axis',(-1.,0.,0.));
#3850=DIRECTION('ref_axis',(0.,0.,1.));
#3851=DIRECTION('center_axis',(1.,0.,0.));
#3852=DIRECTION('ref_axis',(0.,0.,1.));
#3853=DIRECTION('center_axis',(0.,9.91270557701032E-17,1.));
#3854=DIRECTION('ref_axis',(0.,1.,-9.91270557701032E-17));
#3855=DIRECTION('',(0.,-1.,9.91270557701032E-17));
#3856=DIRECTION('',(-1.,0.,0.));
#3857=DIRECTION('',(0.,1.,-9.91270557701032E-17));
#3858=DIRECTION('',(-1.,0.,0.));
#3859=DIRECTION('center_axis',(0.,-1.,-1.58603289232165E-15));
#3860=DIRECTION('ref_axis',(0.,-1.58603289232165E-15,1.));
#3861=DIRECTION('',(0.,1.58603289232165E-15,-1.));
#3862=DIRECTION('',(-1.,0.,0.));
#3863=DIRECTION('',(0.,-1.58603289232165E-15,1.));
#3864=DIRECTION('center_axis',(0.,-9.91270557701033E-16,-1.));
#3865=DIRECTION('ref_axis',(0.,-1.,9.91270557701033E-16));
#3866=DIRECTION('',(0.,1.,-9.91270557701033E-16));
#3867=DIRECTION('',(-1.,0.,0.));
#3868=DIRECTION('',(0.,-1.,9.91270557701033E-16));
#3869=DIRECTION('center_axis',(0.,1.,0.));
#3870=DIRECTION('ref_axis',(0.,0.,-1.));
#3871=DIRECTION('',(0.,0.,1.));
#3872=DIRECTION('',(0.,0.,-1.));
#3873=DIRECTION('center_axis',(-1.,0.,0.));
#3874=DIRECTION('ref_axis',(0.,0.,1.));
#3875=DIRECTION('center_axis',(1.,0.,0.));
#3876=DIRECTION('ref_axis',(0.,0.,1.));
#3877=DIRECTION('center_axis',(-1.,0.,0.));
#3878=DIRECTION('ref_axis',(0.,0.,1.));
#3879=DIRECTION('center_axis',(1.,0.,0.));
#3880=DIRECTION('ref_axis',(0.,0.,1.));
#3881=DIRECTION('center_axis',(1.,0.,0.));
#3882=DIRECTION('ref_axis',(0.,0.,1.));
#3883=DIRECTION('',(1.,0.,0.));
#3884=DIRECTION('center_axis',(1.,0.,0.));
#3885=DIRECTION('ref_axis',(0.,0.,1.));
#3886=DIRECTION('center_axis',(1.,0.,0.));
#3887=DIRECTION('ref_axis',(0.,0.,1.));
#3888=DIRECTION('',(1.,0.,0.));
#3889=DIRECTION('center_axis',(1.,0.,0.));
#3890=DIRECTION('ref_axis',(0.,0.,1.));
#3891=DIRECTION('center_axis',(-0.707106781186548,-0.707106781186548,0.));
#3892=DIRECTION('ref_axis',(0.707106781186548,-0.707106781186548,0.));
#3893=DIRECTION('',(0.,0.,1.));
#3894=DIRECTION('center_axis',(-1.,0.,0.));
#3895=DIRECTION('ref_axis',(0.,-1.,0.));
#3896=DIRECTION('center_axis',(0.,0.,1.));
#3897=DIRECTION('ref_axis',(1.,0.,0.));
#3898=DIRECTION('center_axis',(1.,0.,0.));
#3899=DIRECTION('ref_axis',(0.,1.,0.));
#3900=DIRECTION('',(0.,-1.,1.85037170770859E-15));
#3901=DIRECTION('',(0.,2.66453525910039E-15,1.));
#3902=DIRECTION('',(0.,-1.,1.85037170770859E-15));
#3903=DIRECTION('center_axis',(1.,0.,0.));
#3904=DIRECTION('ref_axis',(0.,1.,0.));
#3905=DIRECTION('center_axis',(-1.,0.,0.));
#3906=DIRECTION('ref_axis',(0.,0.,1.));
#3907=DIRECTION('center_axis',(-1.,0.,0.));
#3908=DIRECTION('ref_axis',(0.,-1.77635683940026E-15,-1.));
#3909=DIRECTION('',(0.,-2.66453525910039E-15,-1.));
#3910=DIRECTION('',(0.,-1.,1.85037170770859E-15));
#3911=DIRECTION('center_axis',(0.,-1.,1.85037170770859E-15));
#3912=DIRECTION('ref_axis',(-1.,0.,0.));
#3913=DIRECTION('center_axis',(0.,-1.,2.66453525910039E-15));
#3914=DIRECTION('ref_axis',(-1.,0.,0.));
#3915=DIRECTION('',(0.,-1.,1.85037170770859E-15));
#3916=DIRECTION('center_axis',(0.,1.85037170770859E-15,1.));
#3917=DIRECTION('ref_axis',(-1.,0.,0.));
#3918=DIRECTION('',(-1.,0.,0.));
#3919=DIRECTION('',(0.,-1.,1.85037170770859E-15));
#3920=DIRECTION('center_axis',(0.,-1.,1.85037170770859E-15));
#3921=DIRECTION('ref_axis',(0.,1.85037170770859E-15,1.));
#3922=DIRECTION('center_axis',(0.,-1.,2.66453525910039E-15));
#3923=DIRECTION('ref_axis',(0.,1.85037170770859E-15,1.));
#3924=DIRECTION('center_axis',(0.,-1.,1.85037170770859E-15));
#3925=DIRECTION('ref_axis',(1.,0.,0.));
#3926=DIRECTION('center_axis',(0.,-1.,2.66453525910039E-15));
#3927=DIRECTION('ref_axis',(1.,0.,0.));
#3928=DIRECTION('',(0.,-1.,1.85037170770859E-15));
#3929=DIRECTION('center_axis',(1.1143349617534E-14,-1.85037170770859E-15,
-1.));
#3930=DIRECTION('ref_axis',(1.,1.97945653069348E-29,1.1143349617534E-14));
#3931=DIRECTION('',(1.,2.96918479604022E-29,1.1143349617534E-14));
#3932=DIRECTION('center_axis',(-1.,0.,0.));
#3933=DIRECTION('ref_axis',(0.,0.,1.));
#3934=DIRECTION('',(1.,0.,0.));
#3935=DIRECTION('center_axis',(1.,0.,0.));
#3936=DIRECTION('ref_axis',(0.,0.,1.));
#3937=DIRECTION('',(-0.707106781186548,-8.65956056235493E-17,0.707106781186547));
#3938=DIRECTION('center_axis',(1.,0.,0.));
#3939=DIRECTION('ref_axis',(0.,0.,1.));
#3940=DIRECTION('center_axis',(-1.,0.,0.));
#3941=DIRECTION('ref_axis',(0.,0.,1.));
#3942=DIRECTION('',(1.,0.,0.));
#3943=DIRECTION('center_axis',(0.,0.,-1.));
#3944=DIRECTION('ref_axis',(-1.,0.,0.));
#3945=DIRECTION('center_axis',(0.,-1.,-4.13106241720989E-15));
#3946=DIRECTION('ref_axis',(0.,-4.13106241720989E-15,1.));
#3947=DIRECTION('',(0.,-4.13106241720989E-15,1.));
#3948=DIRECTION('',(-1.,0.,0.));
#3949=DIRECTION('',(0.,-4.13106241720989E-15,1.));
#3950=DIRECTION('',(-1.,0.,0.));
#3951=DIRECTION('center_axis',(0.,8.39122053495762E-16,-1.));
#3952=DIRECTION('ref_axis',(0.,-1.,-8.39122053495762E-16));
#3953=DIRECTION('',(0.,-1.,-8.39122053495762E-16));
#3954=DIRECTION('',(-1.,0.,0.));
#3955=DIRECTION('',(0.,-1.,-8.39122053495762E-16));
#3956=DIRECTION('center_axis',(0.,1.,-1.23931872516297E-14));
#3957=DIRECTION('ref_axis',(0.,-1.23931872516297E-14,-1.));
#3958=DIRECTION('',(0.,-1.23931872516297E-14,-1.));
#3959=DIRECTION('',(-1.,0.,0.));
#3960=DIRECTION('',(0.,-1.23931872516297E-14,-1.));
#3961=DIRECTION('center_axis',(0.,-1.29095700537807E-16,1.));
#3962=DIRECTION('ref_axis',(0.,1.,1.29095700537807E-16));
#3963=DIRECTION('',(0.,1.,1.29095700537807E-16));
#3964=DIRECTION('',(0.,1.,1.29095700537807E-16));
#3965=DIRECTION('center_axis',(-1.,0.,0.));
#3966=DIRECTION('ref_axis',(0.,0.,1.));
#3967=DIRECTION('center_axis',(1.,0.,0.));
#3968=DIRECTION('ref_axis',(0.,-1.,0.));
#3969=DIRECTION('center_axis',(-1.,0.,0.));
#3970=DIRECTION('ref_axis',(0.,0.,1.));
#3971=DIRECTION('center_axis',(-1.,0.,0.));
#3972=DIRECTION('ref_axis',(0.,-1.,0.));
#3973=DIRECTION('center_axis',(0.,-1.,0.));
#3974=DIRECTION('ref_axis',(0.,0.,1.));
#3975=DIRECTION('',(0.,0.,1.));
#3976=DIRECTION('',(-1.,0.,0.));
#3977=DIRECTION('',(0.,0.,1.));
#3978=DIRECTION('',(-1.,0.,0.));
#3979=DIRECTION('center_axis',(0.,1.03276560430247E-15,-1.));
#3980=DIRECTION('ref_axis',(0.,-1.,-1.03276560430247E-15));
#3981=DIRECTION('',(0.,-1.,-1.03276560430247E-15));
#3982=DIRECTION('',(-1.,0.,0.));
#3983=DIRECTION('',(0.,-1.,-1.03276560430247E-15));
#3984=DIRECTION('center_axis',(0.,1.,1.23931872516297E-14));
#3985=DIRECTION('ref_axis',(0.,1.23931872516297E-14,-1.));
#3986=DIRECTION('',(0.,1.23931872516297E-14,-1.));
#3987=DIRECTION('',(-1.,0.,0.));
#3988=DIRECTION('',(0.,1.23931872516297E-14,-1.));
#3989=DIRECTION('center_axis',(0.,0.,1.));
#3990=DIRECTION('ref_axis',(0.,1.,0.));
#3991=DIRECTION('',(0.,1.,0.));
#3992=DIRECTION('',(0.,1.,0.));
#3993=DIRECTION('center_axis',(-1.,0.,0.));
#3994=DIRECTION('ref_axis',(0.,0.,1.));
#3995=DIRECTION('center_axis',(1.,0.,0.));
#3996=DIRECTION('ref_axis',(0.,-1.,0.));
#3997=DIRECTION('center_axis',(-1.,0.,0.));
#3998=DIRECTION('ref_axis',(0.,0.,1.));
#3999=DIRECTION('center_axis',(-1.,0.,0.));
#4000=DIRECTION('ref_axis',(0.,-1.,0.));
#4001=DIRECTION('center_axis',(1.,0.,0.));
#4002=DIRECTION('ref_axis',(0.,-1.,0.));
#4003=DIRECTION('',(1.,0.,0.));
#4004=DIRECTION('center_axis',(1.,0.,0.));
#4005=DIRECTION('ref_axis',(0.,-1.,0.));
#4006=DIRECTION('center_axis',(1.,0.,0.));
#4007=DIRECTION('ref_axis',(0.,-1.,0.));
#4008=DIRECTION('',(1.,0.,0.));
#4009=DIRECTION('center_axis',(1.,0.,0.));
#4010=DIRECTION('ref_axis',(0.,-1.,0.));
#4011=DIRECTION('center_axis',(1.,0.,0.));
#4012=DIRECTION('ref_axis',(0.,-1.,0.));
#4013=DIRECTION('center_axis',(1.,0.,0.));
#4014=DIRECTION('ref_axis',(0.,-1.,0.));
#4015=DIRECTION('',(1.,0.,0.));
#4016=DIRECTION('center_axis',(1.,0.,0.));
#4017=DIRECTION('ref_axis',(0.,-1.,0.));
#4018=DIRECTION('center_axis',(1.,0.,0.));
#4019=DIRECTION('ref_axis',(0.,-1.,0.));
#4020=DIRECTION('center_axis',(1.,0.,0.));
#4021=DIRECTION('ref_axis',(0.,-1.,0.));
#4022=DIRECTION('',(1.,0.,0.));
#4023=DIRECTION('center_axis',(1.,0.,0.));
#4024=DIRECTION('ref_axis',(0.,-1.,0.));
#4025=DIRECTION('center_axis',(0.,0.,-1.));
#4026=DIRECTION('ref_axis',(0.,1.,0.));
#4027=DIRECTION('center_axis',(0.,0.,1.));
#4028=DIRECTION('ref_axis',(0.707106781186551,0.707106781186544,0.));
#4029=DIRECTION('',(1.,0.,0.));
#4030=DIRECTION('',(0.,-1.,0.));
#4031=DIRECTION('',(-1.,0.,0.));
#4032=DIRECTION('center_axis',(0.,0.,1.));
#4033=DIRECTION('ref_axis',(0.707106781186534,0.707106781186561,0.));
#4034=DIRECTION('',(1.,0.,0.));
#4035=DIRECTION('',(0.,-1.,0.));
#4036=DIRECTION('',(-1.,0.,0.));
#4037=DIRECTION('center_axis',(0.,0.,1.));
#4038=DIRECTION('ref_axis',(0.707106781186551,0.707106781186544,0.));
#4039=DIRECTION('',(1.,0.,0.));
#4040=DIRECTION('',(0.,-1.,0.));
#4041=DIRECTION('',(-1.,0.,0.));
#4042=DIRECTION('center_axis',(0.,0.,1.));
#4043=DIRECTION('ref_axis',(0.707106781186551,0.707106781186544,0.));
#4044=DIRECTION('',(1.,0.,0.));
#4045=DIRECTION('',(0.,-1.,0.));
#4046=DIRECTION('',(-1.,0.,0.));
#4047=DIRECTION('',(0.,-1.,0.));
#4048=DIRECTION('',(1.,0.,0.));
#4049=DIRECTION('',(0.,-1.,0.));
#4050=DIRECTION('',(-1.,0.,0.));
#4051=DIRECTION('center_axis',(0.,0.,1.));
#4052=DIRECTION('ref_axis',(0.,-1.,0.));
#4053=DIRECTION('center_axis',(0.,0.,-1.));
#4054=DIRECTION('ref_axis',(0.707106781186551,0.707106781186544,0.));
#4055=DIRECTION('',(1.,0.,0.));
#4056=DIRECTION('',(0.,1.,0.));
#4057=DIRECTION('',(-1.,0.,0.));
#4058=DIRECTION('',(0.,1.,0.));
#4059=DIRECTION('',(1.,0.,0.));
#4060=DIRECTION('',(0.,1.,0.));
#4061=DIRECTION('',(-1.,0.,0.));
#4062=DIRECTION('center_axis',(0.,0.,-1.));
#4063=DIRECTION('ref_axis',(0.707106781186551,0.707106781186544,0.));
#4064=DIRECTION('',(1.,0.,0.));
#4065=DIRECTION('',(0.,1.,0.));
#4066=DIRECTION('',(-1.,0.,0.));
#4067=DIRECTION('center_axis',(0.,0.,-1.));
#4068=DIRECTION('ref_axis',(0.707106781186551,0.707106781186544,0.));
#4069=DIRECTION('',(1.,0.,0.));
#4070=DIRECTION('',(0.,1.,0.));
#4071=DIRECTION('',(-1.,0.,0.));
#4072=DIRECTION('center_axis',(0.,0.,-1.));
#4073=DIRECTION('ref_axis',(0.707106781186534,0.707106781186561,0.));
#4074=DIRECTION('',(1.,0.,0.));
#4075=DIRECTION('',(0.,1.,0.));
#4076=DIRECTION('',(-1.,0.,0.));
#4077=DIRECTION('center_axis',(0.,-1.,0.));
#4078=DIRECTION('ref_axis',(0.,0.,-1.));
#4079=DIRECTION('',(0.,0.,1.));
#4080=DIRECTION('',(0.,0.,-1.));
#4081=DIRECTION('center_axis',(0.,-1.,0.));
#4082=DIRECTION('ref_axis',(0.,0.,-1.));
#4083=DIRECTION('',(0.,0.,1.));
#4084=DIRECTION('',(0.,0.,-1.));
#4085=DIRECTION('center_axis',(0.,0.,1.));
#4086=DIRECTION('ref_axis',(0.707106781186551,0.707106781186544,0.));
#4087=DIRECTION('',(0.,0.,-1.));
#4088=DIRECTION('',(0.,0.,1.));
#4089=DIRECTION('center_axis',(0.,1.,0.));
#4090=DIRECTION('ref_axis',(0.,0.,1.));
#4091=DIRECTION('',(0.,0.,1.));
#4092=DIRECTION('center_axis',(0.,0.,1.));
#4093=DIRECTION('ref_axis',(0.707106781186551,0.707106781186544,0.));
#4094=DIRECTION('',(0.,0.,-1.));
#4095=DIRECTION('center_axis',(0.,1.,0.));
#4096=DIRECTION('ref_axis',(0.,0.,1.));
#4097=DIRECTION('',(0.,0.,1.));
#4098=DIRECTION('center_axis',(0.,0.,1.));
#4099=DIRECTION('ref_axis',(0.707106781186534,0.707106781186561,0.));
#4100=DIRECTION('',(0.,0.,-1.));
#4101=DIRECTION('center_axis',(0.,1.,0.));
#4102=DIRECTION('ref_axis',(0.,0.,1.));
#4103=DIRECTION('',(0.,0.,1.));
#4104=DIRECTION('center_axis',(0.,0.,1.));
#4105=DIRECTION('ref_axis',(0.707106781186551,0.707106781186544,0.));
#4106=DIRECTION('',(0.,0.,-1.));
#4107=DIRECTION('',(0.,0.,1.));
#4108=DIRECTION('center_axis',(0.,-1.,0.));
#4109=DIRECTION('ref_axis',(0.,0.,-1.));
#4110=DIRECTION('',(0.,0.,-1.));
#4111=DIRECTION('center_axis',(0.,1.,0.));
#4112=DIRECTION('ref_axis',(0.,0.,1.));
#4113=DIRECTION('',(0.,0.,1.));
#4114=DIRECTION('center_axis',(0.,-1.,0.));
#4115=DIRECTION('ref_axis',(0.,0.,-1.));
#4116=DIRECTION('',(0.,0.,-1.));
#4117=DIRECTION('center_axis',(1.,0.,0.));
#4118=DIRECTION('ref_axis',(0.,0.,-1.));
#4119=DIRECTION('center_axis',(-1.,0.,0.));
#4120=DIRECTION('ref_axis',(0.,0.707106781186546,0.707106781186549));
#4121=DIRECTION('',(0.,0.,-1.));
#4122=DIRECTION('center_axis',(-1.,0.,0.));
#4123=DIRECTION('ref_axis',(0.,0.707106781186546,-0.707106781186549));
#4124=DIRECTION('center_axis',(1.,0.,0.));
#4125=DIRECTION('ref_axis',(0.,0.,-1.));
#4126=DIRECTION('center_axis',(1.,0.,0.));
#4127=DIRECTION('ref_axis',(0.,0.,-1.));
#4128=DIRECTION('center_axis',(1.,0.,0.));
#4129=DIRECTION('ref_axis',(0.,0.,-1.));
#4130=DIRECTION('center_axis',(-1.,0.,0.));
#4131=DIRECTION('ref_axis',(0.,-0.707106781186546,-0.707106781186549));
#4132=DIRECTION('',(0.,0.,1.));
#4133=DIRECTION('center_axis',(-1.,0.,0.));
#4134=DIRECTION('ref_axis',(0.,-0.70710678118655,0.707106781186546));
#4135=DIRECTION('center_axis',(1.,0.,0.));
#4136=DIRECTION('ref_axis',(0.,-0.707106781186546,-0.707106781186549));
#4137=DIRECTION('center_axis',(-1.,0.,0.));
#4138=DIRECTION('ref_axis',(0.,-0.707106781186546,-0.707106781186549));
#4139=DIRECTION('',(-1.,0.,0.));
#4140=DIRECTION('center_axis',(1.,0.,0.));
#4141=DIRECTION('ref_axis',(0.,-0.70710678118655,0.707106781186546));
#4142=DIRECTION('',(1.,0.,0.));
#4143=DIRECTION('center_axis',(-1.,0.,0.));
#4144=DIRECTION('ref_axis',(0.,-0.70710678118655,0.707106781186546));
#4145=DIRECTION('center_axis',(1.,0.,0.));
#4146=DIRECTION('ref_axis',(0.,0.707106781186546,0.707106781186549));
#4147=DIRECTION('center_axis',(-1.,0.,0.));
#4148=DIRECTION('ref_axis',(0.,0.707106781186546,0.707106781186549));
#4149=DIRECTION('',(-1.,0.,0.));
#4150=DIRECTION('center_axis',(1.,0.,0.));
#4151=DIRECTION('ref_axis',(0.,0.707106781186546,-0.707106781186549));
#4152=DIRECTION('',(1.,0.,0.));
#4153=DIRECTION('center_axis',(-1.,0.,0.));
#4154=DIRECTION('ref_axis',(0.,0.707106781186546,-0.707106781186549));
#4155=DIRECTION('center_axis',(0.,1.,0.));
#4156=DIRECTION('ref_axis',(0.,0.,1.));
#4157=DIRECTION('',(0.,0.,-1.));
#4158=DIRECTION('center_axis',(0.,-1.,0.));
#4159=DIRECTION('ref_axis',(0.,0.,-1.));
#4160=DIRECTION('',(0.,0.,1.));
#4161=DIRECTION('center_axis',(1.,0.,0.));
#4162=DIRECTION('ref_axis',(0.,0.,-1.));
#4163=DIRECTION('center_axis',(1.,0.,0.));
#4164=DIRECTION('ref_axis',(0.,0.,1.));
#4165=DIRECTION('center_axis',(1.,0.,0.));
#4166=DIRECTION('ref_axis',(0.,0.,1.));
#4167=DIRECTION('',(1.,0.,0.));
#4168=DIRECTION('center_axis',(-1.,0.,0.));
#4169=DIRECTION('ref_axis',(0.,0.,1.));
#4170=DIRECTION('center_axis',(-1.,0.,0.));
#4171=DIRECTION('ref_axis',(0.,0.,1.));
#4172=DIRECTION('center_axis',(-1.,0.,0.));
#4173=DIRECTION('ref_axis',(0.,0.,1.));
#4174=DIRECTION('center_axis',(1.,0.,0.));
#4175=DIRECTION('ref_axis',(0.,0.,1.));
#4176=DIRECTION('center_axis',(1.,0.,0.));
#4177=DIRECTION('ref_axis',(0.,0.,1.));
#4178=DIRECTION('',(1.,0.,0.));
#4179=DIRECTION('center_axis',(-1.,0.,0.));
#4180=DIRECTION('ref_axis',(0.,0.,1.));
#4181=DIRECTION('center_axis',(-1.,0.,0.));
#4182=DIRECTION('ref_axis',(0.,0.,1.));
#4183=DIRECTION('center_axis',(-1.,0.,0.));
#4184=DIRECTION('ref_axis',(0.,0.,1.));
#4185=DIRECTION('center_axis',(0.,0.,-1.));
#4186=DIRECTION('ref_axis',(9.9032005946749E-65,-1.,0.));
#4187=DIRECTION('',(0.,-1.,0.));
#4188=DIRECTION('',(-1.,0.,0.));
#4189=DIRECTION('',(0.,1.,0.));
#4190=DIRECTION('',(-1.,0.,0.));
#4191=DIRECTION('center_axis',(5.49738065884481E-81,-5.55111512312579E-17,
1.));
#4192=DIRECTION('ref_axis',(-9.9032005946749E-65,1.,5.55111512312579E-17));
#4193=DIRECTION('',(0.,1.,5.55111512312579E-17));
#4194=DIRECTION('',(-1.,0.,5.49738065884481E-81));
#4195=DIRECTION('',(0.,-1.,-5.55111512312579E-17));
#4196=DIRECTION('',(1.,0.,-5.49738065884481E-81));
#4197=DIRECTION('center_axis',(1.,0.,0.));
#4198=DIRECTION('ref_axis',(0.,0.,-1.));
#4199=DIRECTION('center_axis',(1.,0.,0.));
#4200=DIRECTION('ref_axis',(0.,-0.707106781186548,-0.707106781186547));
#4201=DIRECTION('',(0.,0.,-1.));
#4202=DIRECTION('center_axis',(1.,0.,0.));
#4203=DIRECTION('ref_axis',(0.,-0.707106781186548,0.707106781186547));
#4204=DIRECTION('',(0.,-1.,6.06560871990329E-16));
#4205=DIRECTION('center_axis',(1.,0.,0.));
#4206=DIRECTION('ref_axis',(0.,0.707106781186553,0.707106781186542));
#4207=DIRECTION('',(0.,2.66453525910039E-15,1.));
#4208=DIRECTION('center_axis',(1.,0.,0.));
#4209=DIRECTION('ref_axis',(0.,0.707106781186548,-0.707106781186548));
#4210=DIRECTION('',(0.,1.,2.16628882853689E-17));
#4211=DIRECTION('',(0.,0.,1.));
#4212=DIRECTION('',(0.,-1.,0.));
#4213=DIRECTION('',(0.,0.,-1.));
#4214=DIRECTION('',(0.,1.,5.55111512312579E-17));
#4215=DIRECTION('',(0.,0.,1.));
#4216=DIRECTION('',(0.,0.,-1.));
#4217=DIRECTION('center_axis',(0.,0.,-1.));
#4218=DIRECTION('ref_axis',(0.,-1.,0.));
#4219=DIRECTION('',(1.,0.,0.));
#4220=DIRECTION('',(0.,1.,0.));
#4221=DIRECTION('',(-1.,0.,0.));
#4222=DIRECTION('center_axis',(0.,-5.55111512312579E-17,1.));
#4223=DIRECTION('ref_axis',(0.,1.,5.55111512312579E-17));
#4224=DIRECTION('',(1.,0.,0.));
#4225=DIRECTION('',(0.,-1.,-5.55111512312579E-17));
#4226=DIRECTION('',(1.,0.,0.));
#4227=DIRECTION('center_axis',(1.,0.,0.));
#4228=DIRECTION('ref_axis',(0.,0.,1.));
#4229=DIRECTION('',(1.,0.,0.));
#4230=DIRECTION('center_axis',(-1.,0.,0.));
#4231=DIRECTION('ref_axis',(0.,0.,1.));
#4232=DIRECTION('center_axis',(1.,0.,0.));
#4233=DIRECTION('ref_axis',(0.,0.,1.));
#4234=DIRECTION('',(1.,0.,0.));
#4235=DIRECTION('center_axis',(-1.,0.,0.));
#4236=DIRECTION('ref_axis',(0.,0.,1.));
#4237=DIRECTION('center_axis',(0.,1.,0.));
#4238=DIRECTION('ref_axis',(0.,0.,1.));
#4239=DIRECTION('',(0.,0.,1.));
#4240=DIRECTION('center_axis',(0.,-1.,0.));
#4241=DIRECTION('ref_axis',(0.,0.,-1.));
#4242=DIRECTION('',(0.,0.,-1.));
#4243=DIRECTION('center_axis',(1.,0.,0.));
#4244=DIRECTION('ref_axis',(0.,0.,-1.));
#4245=DIRECTION('center_axis',(0.,1.,0.));
#4246=DIRECTION('ref_axis',(0.,0.,1.));
#4247=DIRECTION('',(0.,0.,1.));
#4248=DIRECTION('center_axis',(0.,-1.,0.));
#4249=DIRECTION('ref_axis',(0.,0.,-1.));
#4250=DIRECTION('',(0.,0.,-1.));
#4251=DIRECTION('center_axis',(1.,0.,0.));
#4252=DIRECTION('ref_axis',(0.,0.,-1.));
#4253=DIRECTION('center_axis',(1.,0.,0.));
#4254=DIRECTION('ref_axis',(0.,-0.707106781186548,-0.707106781186547));
#4255=DIRECTION('center_axis',(-1.,0.,0.));
#4256=DIRECTION('ref_axis',(0.,-0.707106781186548,-0.707106781186547));
#4257=DIRECTION('',(-1.,0.,0.));
#4258=DIRECTION('',(1.,0.,0.));
#4259=DIRECTION('center_axis',(0.,-1.,0.));
#4260=DIRECTION('ref_axis',(0.,0.,-1.));
#4261=DIRECTION('',(0.,0.,-1.));
#4262=DIRECTION('',(1.,0.,0.));
#4263=DIRECTION('center_axis',(1.,0.,0.));
#4264=DIRECTION('ref_axis',(0.,-0.707106781186548,0.707106781186547));
#4265=DIRECTION('center_axis',(-1.,0.,0.));
#4266=DIRECTION('ref_axis',(0.,-0.707106781186548,0.707106781186547));
#4267=DIRECTION('',(-1.,0.,0.));
#4268=DIRECTION('center_axis',(1.,0.,0.));
#4269=DIRECTION('ref_axis',(0.,0.707106781186548,-0.707106781186548));
#4270=DIRECTION('center_axis',(-1.,0.,0.));
#4271=DIRECTION('ref_axis',(0.,0.707106781186548,-0.707106781186548));
#4272=DIRECTION('',(-1.,0.,0.));
#4273=DIRECTION('',(1.,0.,0.));
#4274=DIRECTION('center_axis',(0.,1.,-2.66453525910039E-15));
#4275=DIRECTION('ref_axis',(0.,2.66453525910039E-15,1.));
#4276=DIRECTION('',(-1.,0.,0.));
#4277=DIRECTION('',(0.,2.66453525910039E-15,1.));
#4278=DIRECTION('center_axis',(1.,0.,0.));
#4279=DIRECTION('ref_axis',(0.,0.707106781186553,0.707106781186542));
#4280=DIRECTION('center_axis',(-1.,0.,0.));
#4281=DIRECTION('ref_axis',(0.,0.707106781186553,0.707106781186542));
#4282=DIRECTION('',(1.,0.,0.));
#4283=DIRECTION('center_axis',(0.,6.06560871990329E-16,1.));
#4284=DIRECTION('ref_axis',(0.,-1.,6.06560871990329E-16));
#4285=DIRECTION('',(0.,-1.,6.06560871990329E-16));
#4286=DIRECTION('center_axis',(0.,2.16628882853689E-17,-1.));
#4287=DIRECTION('ref_axis',(0.,1.,2.16628882853689E-17));
#4288=DIRECTION('',(0.,1.,2.16628882853689E-17));
#4289=DIRECTION('center_axis',(1.,0.,0.));
#4290=DIRECTION('ref_axis',(0.,0.,-1.));
#4291=CARTESIAN_POINT('',(0.,0.,0.));
#4292=CARTESIAN_POINT('Origin',(16.29185825333,98.4999999999997,-9.02611319020254E-14));
#4293=CARTESIAN_POINT('',(17.29185825333,97.4999999999997,6.14999999999982));
#4294=CARTESIAN_POINT('',(15.29185825333,99.4999999999997,6.14999999999982));
#4295=CARTESIAN_POINT('',(20.2188936899977,94.5729645633322,6.14999999999983));
#4296=CARTESIAN_POINT('',(17.29185825333,97.4999999999997,-6.15000000000008));
#4297=CARTESIAN_POINT('',(17.29185825333,97.4999999999997,-8.84847750626252E-14));
#4298=CARTESIAN_POINT('',(15.29185825333,99.4999999999997,-6.15000000000011));
#4299=CARTESIAN_POINT('',(13.4688936899975,101.322964563332,-6.15000000000013));
#4300=CARTESIAN_POINT('',(15.29185825333,99.4999999999997,-9.20374887414256E-14));
#4301=CARTESIAN_POINT('Origin',(22.5,99.4999999999997,-1.78745906964651E-13));
#4302=CARTESIAN_POINT('',(9.,99.4999999999997,-6.15000000000018));
#4303=CARTESIAN_POINT('',(23.5,99.4999999999997,-6.15000000000002));
#4304=CARTESIAN_POINT('',(6.87867965644036,99.4999999999997,-4.35000000000018));
#4305=CARTESIAN_POINT('Origin',(9.,99.4999999999997,-4.00000000000018));
#4306=CARTESIAN_POINT('',(4.85,99.4999999999997,-4.35000000000018));
#4307=CARTESIAN_POINT('',(14.75,99.4999999999997,-4.35000000000018));
#4308=CARTESIAN_POINT('',(4.85,99.4999999999997,4.34999999999982));
#4309=CARTESIAN_POINT('',(4.85,99.4999999999997,-1.83908444029157E-13));
#4310=CARTESIAN_POINT('',(6.87867965644036,99.4999999999997,4.34999999999982));
#4311=CARTESIAN_POINT('',(14.75,99.4999999999997,4.34999999999982));
#4312=CARTESIAN_POINT('',(9.,99.4999999999997,6.14999999999982));
#4313=CARTESIAN_POINT('Origin',(9.,99.4999999999997,3.99999999999982));
#4314=CARTESIAN_POINT('',(37.,99.4999999999997,6.14999999999982));
#4315=CARTESIAN_POINT('Origin',(16.79185825333,93.9999999999997,3.65));
#4316=CARTESIAN_POINT('',(17.29185825333,94.4999999999997,7.3));
#4317=CARTESIAN_POINT('',(16.29185825333,93.4999999999997,7.3));
#4318=CARTESIAN_POINT('',(-5.78110631000251,71.4270354366673,7.3));
#4319=CARTESIAN_POINT('',(16.29185825333,93.4999999999997,-7.3));
#4320=CARTESIAN_POINT('',(16.29185825333,93.4999999999997,3.65));
#4321=CARTESIAN_POINT('',(17.29185825333,94.4999999999997,-7.3));
#4322=CARTESIAN_POINT('',(-5.78110631000251,71.4270354366673,-7.3));
#4323=CARTESIAN_POINT('',(17.29185825333,94.4999999999997,3.65));
#4324=CARTESIAN_POINT('Origin',(7.6,93.4999999999997,7.3));
#4325=CARTESIAN_POINT('',(10.6,93.4999999999997,7.3));
#4326=CARTESIAN_POINT('',(13.8,93.4999999999997,7.3));
#4327=CARTESIAN_POINT('',(7.6,93.4999999999997,4.3));
#4328=CARTESIAN_POINT('Origin',(10.6,93.4999999999997,4.3));
#4329=CARTESIAN_POINT('',(7.6,93.4999999999997,-4.3));
#4330=CARTESIAN_POINT('',(7.59999999999999,93.4999999999997,3.65));
#4331=CARTESIAN_POINT('',(10.6,93.4999999999997,-7.3));
#4332=CARTESIAN_POINT('Origin',(10.6,93.4999999999997,-4.3));
#4333=CARTESIAN_POINT('',(13.8,93.4999999999997,-7.3));
#4334=CARTESIAN_POINT('Origin',(28.29185825333,98.7499999999997,4.3));
#4335=CARTESIAN_POINT('',(30.6535313890541,97.9999999999997,6.14999999999982));
#4336=CARTESIAN_POINT('',(32.3939918445238,99.4999999999997,6.14999999999982));
#4337=CARTESIAN_POINT('Ctrl Pts',(32.3939918445238,99.4999999999997,6.14999999999982));
#4338=CARTESIAN_POINT('Ctrl Pts',(31.349715571242,98.548053160196,6.14999999999982));
#4339=CARTESIAN_POINT('Ctrl Pts',(30.6535313890541,97.9999999999997,6.14999999999982));
#4340=CARTESIAN_POINT('',(32.79185825333,99.4999999999997,4.3));
#4341=CARTESIAN_POINT('Origin',(28.29185825333,99.4999999999997,4.3));
#4342=CARTESIAN_POINT('',(31.29185825333,97.9999999999997,4.3));
#4343=CARTESIAN_POINT('',(32.79185825333,99.4999999999997,4.3));
#4344=CARTESIAN_POINT('Origin',(28.29185825333,97.9999999999997,4.3));
#4345=CARTESIAN_POINT('Origin',(32.04185825333,98.7499999999997,-7.3));
#4346=CARTESIAN_POINT('',(32.79185825333,99.4999999999997,-4.3));
#4347=CARTESIAN_POINT('',(32.79185825333,99.4999999999997,-7.3));
#4348=CARTESIAN_POINT('',(31.29185825333,97.9999999999997,-4.3));
#4349=CARTESIAN_POINT('',(32.79185825333,99.4999999999997,-4.3));
#4350=CARTESIAN_POINT('',(31.29185825333,97.9999999999997,-7.3));
#4351=CARTESIAN_POINT('Origin',(28.29185825333,98.7499999999997,-4.3));
#4352=CARTESIAN_POINT('',(30.653531389054,97.9999999999997,-6.14999999999993));
#4353=CARTESIAN_POINT('',(32.3939918445238,99.4999999999997,-6.14999999999992));
#4354=CARTESIAN_POINT('Ctrl Pts',(30.653531389054,97.9999999999997,-6.14999999999994));
#4355=CARTESIAN_POINT('Ctrl Pts',(31.349715571183,98.5480531601497,-6.14999999999993));
#4356=CARTESIAN_POINT('Ctrl Pts',(32.393991844337,99.4999999998294,-6.14999999999992));
#4357=CARTESIAN_POINT('Origin',(28.29185825333,97.9999999999997,-4.3));
#4358=CARTESIAN_POINT('Origin',(28.29185825333,99.4999999999997,-4.3));
#4359=CARTESIAN_POINT('Origin',(38.,99.4999999999997,-7.3));
#4360=CARTESIAN_POINT('',(36.,99.4999999999997,6.14999999999982));
#4361=CARTESIAN_POINT('',(37.,99.4999999999997,6.14999999999982));
#4362=CARTESIAN_POINT('',(38.15,99.4999999999997,3.99999999999982));
#4363=CARTESIAN_POINT('Origin',(36.,99.4999999999997,3.99999999999982));
#4364=CARTESIAN_POINT('',(38.15,99.4999999999997,-4.00000000000018));
#4365=CARTESIAN_POINT('',(38.15,99.4999999999997,-3.65));
#4366=CARTESIAN_POINT('',(36.,99.4999999999997,-6.15000000000018));
#4367=CARTESIAN_POINT('Origin',(36.,99.4999999999997,-4.00000000000018));
#4368=CARTESIAN_POINT('',(23.5,99.4999999999997,-6.15000000000002));
#4369=CARTESIAN_POINT('',(34.,99.4999999999997,-1.10000000000019));
#4370=CARTESIAN_POINT('Origin',(34.,99.4999999999997,-1.85515791492317E-13));
#4371=CARTESIAN_POINT('Origin',(17.29185825333,96.4999999999998,0.));
#4372=CARTESIAN_POINT('',(17.29185825333,99.4999999999997,6.14999999999982));
#4373=CARTESIAN_POINT('',(17.29185825333,99.4999999999998,6.14999999999982));
#4374=CARTESIAN_POINT('',(17.29185825333,99.4999999999997,7.3));
#4375=CARTESIAN_POINT('',(17.29185825333,99.4999999999997,0.));
#4376=CARTESIAN_POINT('',(17.29185825333,48.4999999999997,7.3));
#4377=CARTESIAN_POINT('',(17.29185825333,99.5,-7.3));
#4378=CARTESIAN_POINT('',(17.29185825333,48.4999999999997,-7.3));
#4379=CARTESIAN_POINT('',(17.29185825333,99.4999999999997,-6.15000000000009));
#4380=CARTESIAN_POINT('',(17.29185825333,99.4999999999997,0.));
#4381=CARTESIAN_POINT('',(17.29185825333,99.4999999999997,-6.15000000000009));
#4382=CARTESIAN_POINT('Origin',(38.,99.4999999999997,0.));
#4383=CARTESIAN_POINT('',(28.29185825333,99.4999999999997,-7.3));
#4384=CARTESIAN_POINT('',(40.,99.4999999999997,-7.3));
#4385=CARTESIAN_POINT('',(30.653531389054,99.4999999999997,-6.14999999999994));
#4386=CARTESIAN_POINT('Origin',(28.29185825333,99.4999999999997,-4.3));
#4387=CARTESIAN_POINT('',(23.5,99.4999999999997,-6.15000000000002));
#4388=CARTESIAN_POINT('Origin',(10.6,49.9999999999997,4.3));
#4389=CARTESIAN_POINT('',(10.6,79.6446884526131,7.3));
#4390=CARTESIAN_POINT('',(10.6,49.9999999999997,7.3));
#4391=CARTESIAN_POINT('',(7.59999999999999,80.3466567459649,4.3));
#4392=CARTESIAN_POINT('Origin',(10.6,79.6446884526131,4.3));
#4393=CARTESIAN_POINT('',(7.59999999999999,49.9999999999997,4.3));
#4394=CARTESIAN_POINT('Origin',(-4.36540613146299,49.416753997286,4.3));
#4395=CARTESIAN_POINT('',(8.25,74.8980317066478,7.3));
#4396=CARTESIAN_POINT('',(-4.36540613146299,49.416753997286,7.3));
#4397=CARTESIAN_POINT('',(5.25,75.5999999999997,4.3));
#4398=CARTESIAN_POINT('Origin',(8.25,74.8980317066478,4.3));
#4399=CARTESIAN_POINT('',(-7.05395223716182,50.7478136644428,4.3));
#4400=CARTESIAN_POINT('Origin',(8.25,38.0499999999997,4.3));
#4401=CARTESIAN_POINT('',(5.25,69.6844951905812,4.3));
#4402=CARTESIAN_POINT('',(5.25,61.3155048094181,4.3));
#4403=CARTESIAN_POINT('Ctrl Pts',(5.25,69.6844951905812,4.3));
#4404=CARTESIAN_POINT('Ctrl Pts',(5.25,69.4343974297506,4.54337973892342));
#4405=CARTESIAN_POINT('Ctrl Pts',(5.27782254582769,69.1467634682879,4.74256531009149));
#4406=CARTESIAN_POINT('Ctrl Pts',(5.35016041147858,68.5063154370607,5.09012373093995));
#4407=CARTESIAN_POINT('Ctrl Pts',(5.39640355950305,68.1501711262031,5.23348566478474));
#4408=CARTESIAN_POINT('Ctrl Pts',(5.52195598131144,67.0386195820892,5.57098635756612));
#4409=CARTESIAN_POINT('Ctrl Pts',(5.58071794936913,66.2409228432047,5.66928205063086));
#4410=CARTESIAN_POINT('Ctrl Pts',(5.58071794936913,64.7590771567947,5.66928205063086));
#4411=CARTESIAN_POINT('Ctrl Pts',(5.52195598131144,63.9613804179102,5.57098635756612));
#4412=CARTESIAN_POINT('Ctrl Pts',(5.39640355950305,62.8498288737963,5.23348566478474));
#4413=CARTESIAN_POINT('Ctrl Pts',(5.35016041147858,62.4936845629386,5.09012373093995));
#4414=CARTESIAN_POINT('Ctrl Pts',(5.27782254582769,61.8532365317115,4.74256531009149));
#4415=CARTESIAN_POINT('Ctrl Pts',(5.25,61.5656025702487,4.54337973892341));
#4416=CARTESIAN_POINT('Ctrl Pts',(5.25,61.3155048094181,4.3));
#4417=CARTESIAN_POINT('',(5.25,38.0499999999997,4.3));
#4418=CARTESIAN_POINT('',(8.25,52.1573593128804,7.3));
#4419=CARTESIAN_POINT('',(8.25,38.0499999999997,7.3));
#4420=CARTESIAN_POINT('',(5.25,53.3999999999997,4.3));
#4421=CARTESIAN_POINT('Origin',(8.25,52.1573593128804,4.3));
#4422=CARTESIAN_POINT('',(5.25,38.0499999999997,4.3));
#4423=CARTESIAN_POINT('Origin',(-2.1661796564404,41.7411796564399,4.3));
#4424=CARTESIAN_POINT('',(5.00000000001738,48.9073593128977,7.3));
#4425=CARTESIAN_POINT('',(-2.1661796564404,41.7411796564399,7.3));
#4426=CARTESIAN_POINT('',(2.0000000000176,50.1500000000172,4.3));
#4427=CARTESIAN_POINT('Origin',(5.00000000001738,48.9073593128977,4.3));
#4428=CARTESIAN_POINT('',(-4.28750000000005,43.8624999999995,4.3));
#4429=CARTESIAN_POINT('Origin',(5.00000000001318,25.3250000000095,4.3));
#4430=CARTESIAN_POINT('',(4.99999999999991,-49.1902092104248,7.3));
#4431=CARTESIAN_POINT('',(5.00000000001318,25.3250000000095,7.3));
#4432=CARTESIAN_POINT('',(1.99999999999985,-49.5138834385922,4.3));
#4433=CARTESIAN_POINT('Origin',(4.99999999999991,-49.1902092104248,4.3));
#4434=CARTESIAN_POINT('',(2.00000000001318,25.3250000000101,4.3));
#4435=CARTESIAN_POINT('Origin',(0.129206042154417,-26.880299486398,4.3));
#4436=CARTESIAN_POINT('',(8.25,-64.0763257718327,7.3));
#4437=CARTESIAN_POINT('',(0.129206042154417,-26.880299486398,7.3));
#4438=CARTESIAN_POINT('',(5.25,-64.4000000000003,4.3));
#4439=CARTESIAN_POINT('Origin',(8.25,-64.0763257718327,4.3));
#4440=CARTESIAN_POINT('',(-2.80175428076805,-27.5201991546696,4.3));
#4441=CARTESIAN_POINT('Origin',(8.25,-31.9500000000003,4.3));
#4442=CARTESIAN_POINT('',(5.25,-70.3155048094188,4.3));
#4443=CARTESIAN_POINT('',(5.25,-78.6844951905819,4.3));
#4444=CARTESIAN_POINT('Ctrl Pts',(5.25,-70.3155048094188,4.3));
#4445=CARTESIAN_POINT('Ctrl Pts',(5.25,-70.5656025702493,4.54337973892342));
#4446=CARTESIAN_POINT('Ctrl Pts',(5.27782254582769,-70.8532365317121,4.74256531009149));
#4447=CARTESIAN_POINT('Ctrl Pts',(5.35016041147858,-71.4936845629392,5.09012373093995));
#4448=CARTESIAN_POINT('Ctrl Pts',(5.39640355950305,-71.8498288737969,5.23348566478474));
#4449=CARTESIAN_POINT('Ctrl Pts',(5.52195598131144,-72.9613804179108,5.57098635756612));
#4450=CARTESIAN_POINT('Ctrl Pts',(5.58071794936914,-73.7590771567953,5.66928205063087));
#4451=CARTESIAN_POINT('Ctrl Pts',(5.58071794936914,-75.2409228432053,5.66928205063087));
#4452=CARTESIAN_POINT('Ctrl Pts',(5.52195598131144,-76.0386195820898,5.57098635756612));
#4453=CARTESIAN_POINT('Ctrl Pts',(5.39640355950305,-77.1501711262037,5.23348566478474));
#4454=CARTESIAN_POINT('Ctrl Pts',(5.35016041147858,-77.5063154370614,5.09012373093995));
#4455=CARTESIAN_POINT('Ctrl Pts',(5.2778225458277,-78.1467634682885,4.74256531009149));
#4456=CARTESIAN_POINT('Ctrl Pts',(5.25,-78.4343974297513,4.54337973892343));
#4457=CARTESIAN_POINT('Ctrl Pts',(5.25,-78.6844951905818,4.3));
#4458=CARTESIAN_POINT('',(5.25,-31.9500000000003,4.3));
#4459=CARTESIAN_POINT('',(8.25,-87.8426406871196,7.3));
#4460=CARTESIAN_POINT('',(8.25,-31.9500000000003,7.3));
#4461=CARTESIAN_POINT('',(5.24999999999999,-86.6000000000003,4.3));
#4462=CARTESIAN_POINT('Origin',(8.25,-87.8426406871196,4.3));
#4463=CARTESIAN_POINT('',(5.25,-31.9500000000003,4.3));
#4464=CARTESIAN_POINT('Origin',(32.8338203435595,-63.2588203435593,4.3));
#4465=CARTESIAN_POINT('',(5.,-91.0926406871197,7.3));
#4466=CARTESIAN_POINT('',(32.8338203435595,-63.2588203435593,7.3));
#4467=CARTESIAN_POINT('',(2.00000000000001,-89.8500000000004,4.3));
#4468=CARTESIAN_POINT('Origin',(5.,-91.0926406871197,4.3));
#4469=CARTESIAN_POINT('',(30.7124999999999,-61.1374999999996,4.3));
#4470=CARTESIAN_POINT('Origin',(4.99999999999998,-95.5000000000003,4.3));
#4471=CARTESIAN_POINT('',(4.99999999999998,-98.5000000000003,4.3));
#4472=CARTESIAN_POINT('',(4.99999999999998,-95.5000000000003,7.3));
#4473=CARTESIAN_POINT('Origin',(4.99999999999998,-95.5000000000003,4.3));
#4474=CARTESIAN_POINT('',(1.99999999999998,-95.5000000000003,4.3));
#4475=CARTESIAN_POINT('Origin',(4.99999999999998,-95.5000000000003,4.3));
#4476=CARTESIAN_POINT('Origin',(4.99999999999998,-95.5000000000003,4.3));
#4477=CARTESIAN_POINT('Origin',(35.,-95.5000000000003,4.3));
#4478=CARTESIAN_POINT('',(38.,-95.5000000000003,4.3));
#4479=CARTESIAN_POINT('',(35.,-95.5000000000003,7.3));
#4480=CARTESIAN_POINT('Origin',(35.,-95.5000000000003,4.3));
#4481=CARTESIAN_POINT('',(35.,-98.5000000000003,4.3));
#4482=CARTESIAN_POINT('Origin',(35.,-95.5000000000003,4.3));
#4483=CARTESIAN_POINT('Origin',(35.,-95.5000000000003,4.3));
#4484=CARTESIAN_POINT('Origin',(4.99999999999998,-95.5000000000003,-4.3));
#4485=CARTESIAN_POINT('',(1.99999999999998,-95.5000000000003,-4.3));
#4486=CARTESIAN_POINT('',(4.99999999999998,-95.5000000000003,-7.3));
#4487=CARTESIAN_POINT('Origin',(4.99999999999998,-95.5000000000003,-4.3));
#4488=CARTESIAN_POINT('',(4.99999999999998,-98.5000000000003,-4.3));
#4489=CARTESIAN_POINT('Origin',(4.99999999999998,-95.5000000000003,-4.3));
#4490=CARTESIAN_POINT('Origin',(4.99999999999998,-95.5000000000003,-4.3));
#4491=CARTESIAN_POINT('Origin',(4.99999999999998,-95.5000000000003,0.));
#4492=CARTESIAN_POINT('',(4.99999999999998,-98.5000000000003,0.));
#4493=CARTESIAN_POINT('',(1.99999999999998,-95.5000000000003,0.));
#4494=CARTESIAN_POINT('Origin',(35.,86.5492175662104,4.3));
#4495=CARTESIAN_POINT('',(37.1213203435596,88.6705379097701,4.3));
#4496=CARTESIAN_POINT('',(35.,86.5492175662104,7.3));
#4497=CARTESIAN_POINT('Origin',(35.,86.5492175662104,4.3));
#4498=CARTESIAN_POINT('',(38.,86.5492175662104,4.3));
#4499=CARTESIAN_POINT('Origin',(35.,86.5492175662104,4.3));
#4500=CARTESIAN_POINT('Origin',(35.,86.5492175662104,4.3));
#4501=CARTESIAN_POINT('Origin',(35.,-95.5000000000003,-4.3));
#4502=CARTESIAN_POINT('',(35.,-98.5000000000003,-4.3));
#4503=CARTESIAN_POINT('',(35.,-95.5000000000003,-7.3));
#4504=CARTESIAN_POINT('Origin',(35.,-95.5000000000003,-4.3));
#4505=CARTESIAN_POINT('',(38.,-95.5000000000003,-4.3));
#4506=CARTESIAN_POINT('Origin',(35.,-95.5000000000003,-4.3));
#4507=CARTESIAN_POINT('Origin',(35.,-95.5000000000003,-4.3));
#4508=CARTESIAN_POINT('Origin',(35.,-95.5000000000003,0.));
#4509=CARTESIAN_POINT('',(38.,-95.5000000000003,0.));
#4510=CARTESIAN_POINT('',(35.,-98.5000000000003,0.));
#4511=CARTESIAN_POINT('Origin',(35.,86.5492175662104,-4.3));
#4512=CARTESIAN_POINT('',(35.,86.5492175662104,-7.3));
#4513=CARTESIAN_POINT('',(37.1213203435596,88.6705379097701,-4.3));
#4514=CARTESIAN_POINT('Origin',(35.,86.5492175662104,-4.3));
#4515=CARTESIAN_POINT('',(38.,86.5492175662104,-4.3));
#4516=CARTESIAN_POINT('Origin',(35.,86.5492175662104,-4.3));
#4517=CARTESIAN_POINT('Origin',(35.,86.5492175662104,-4.3));
#4518=CARTESIAN_POINT('Origin',(35.,-49.0000000000003,-4.3));
#4519=CARTESIAN_POINT('',(38.,69.6844951905812,-4.3));
#4520=CARTESIAN_POINT('',(37.6692820506309,65.4999999999997,-5.66928205063087));
#4521=CARTESIAN_POINT('Ctrl Pts',(38.,69.6844951905812,-4.3));
#4522=CARTESIAN_POINT('Ctrl Pts',(38.,69.4343974297506,-4.54337973892342));
#4523=CARTESIAN_POINT('Ctrl Pts',(37.9721774541723,69.1467634682879,-4.74256531009149));
#4524=CARTESIAN_POINT('Ctrl Pts',(37.8998395885214,68.5063154370607,-5.09012373093995));
#4525=CARTESIAN_POINT('Ctrl Pts',(37.853596440497,68.1501711262031,-5.23348566478475));
#4526=CARTESIAN_POINT('Ctrl Pts',(37.7280440186886,67.0386195820892,-5.57098635756612));
#4527=CARTESIAN_POINT('Ctrl Pts',(37.6692820506309,66.2409228432047,-5.66928205063087));
#4528=CARTESIAN_POINT('Ctrl Pts',(37.6692820506309,65.4999999999997,-5.66928205063087));
#4529=CARTESIAN_POINT('',(38.,-49.0000000000003,-4.3));
#4530=CARTESIAN_POINT('',(35.,-49.0000000000003,-7.3));
#4531=CARTESIAN_POINT('',(38.,-78.6844951905819,-4.3));
#4532=CARTESIAN_POINT('',(38.,-49.0000000000003,-4.3));
#4533=CARTESIAN_POINT('',(37.6692820506309,-74.5000000000003,-5.66928205063087));
#4534=CARTESIAN_POINT('Ctrl Pts',(37.6692820506309,-74.5000000000003,-5.66928205063087));
#4535=CARTESIAN_POINT('Ctrl Pts',(37.6692820506309,-75.2409228432053,-5.66928205063087));
#4536=CARTESIAN_POINT('Ctrl Pts',(37.7280440186886,-76.0386195820898,-5.57098635756612));
#4537=CARTESIAN_POINT('Ctrl Pts',(37.853596440497,-77.1501711262037,-5.23348566478474));
#4538=CARTESIAN_POINT('Ctrl Pts',(37.8998395885214,-77.5063154370614,-5.09012373093995));
#4539=CARTESIAN_POINT('Ctrl Pts',(37.9721774541723,-78.1467634682885,-4.74256531009149));
#4540=CARTESIAN_POINT('Ctrl Pts',(38.,-78.4343974297513,-4.54337973892343));
#4541=CARTESIAN_POINT('Ctrl Pts',(38.,-78.6844951905819,-4.3));
#4542=CARTESIAN_POINT('',(38.,-70.3155048094188,-4.3));
#4543=CARTESIAN_POINT('Ctrl Pts',(38.,-70.3155048094188,-4.3));
#4544=CARTESIAN_POINT('Ctrl Pts',(38.,-70.5656025702493,-4.54337973892343));
#4545=CARTESIAN_POINT('Ctrl Pts',(37.9721774541723,-70.8532365317121,-4.74256531009149));
#4546=CARTESIAN_POINT('Ctrl Pts',(37.8998395885214,-71.4936845629392,-5.09012373093995));
#4547=CARTESIAN_POINT('Ctrl Pts',(37.853596440497,-71.8498288737969,-5.23348566478474));
#4548=CARTESIAN_POINT('Ctrl Pts',(37.7280440186886,-72.9613804179108,-5.57098635756612));
#4549=CARTESIAN_POINT('Ctrl Pts',(37.6692820506309,-73.7590771567953,-5.66928205063087));
#4550=CARTESIAN_POINT('Ctrl Pts',(37.6692820506309,-74.5000000000003,-5.66928205063087));
#4551=CARTESIAN_POINT('',(38.,61.3155048094181,-4.3));
#4552=CARTESIAN_POINT('',(38.,-49.0000000000003,-4.3));
#4553=CARTESIAN_POINT('Ctrl Pts',(37.6692820506309,65.4999999999997,-5.66928205063087));
#4554=CARTESIAN_POINT('Ctrl Pts',(37.6692820506309,64.7590771567947,-5.66928205063087));
#4555=CARTESIAN_POINT('Ctrl Pts',(37.7280440186886,63.9613804179102,-5.57098635756612));
#4556=CARTESIAN_POINT('Ctrl Pts',(37.853596440497,62.8498288737963,-5.23348566478475));
#4557=CARTESIAN_POINT('Ctrl Pts',(37.8998395885214,62.4936845629386,-5.09012373093995));
#4558=CARTESIAN_POINT('Ctrl Pts',(37.9721774541723,61.8532365317115,-4.74256531009149));
#4559=CARTESIAN_POINT('Ctrl Pts',(38.,61.5656025702487,-4.54337973892342));
#4560=CARTESIAN_POINT('Ctrl Pts',(38.,61.3155048094181,-4.3));
#4561=CARTESIAN_POINT('Origin',(35.,86.5492175662104,-3.65));
#4562=CARTESIAN_POINT('',(38.,86.5492175662104,-3.65));
#4563=CARTESIAN_POINT('',(37.1213203435596,88.6705379097701,-3.65));
#4564=CARTESIAN_POINT('Origin',(49.8475733464379,71.7016442197726,-4.3));
#4565=CARTESIAN_POINT('',(28.29185825333,93.2573593128804,-7.3));
#4566=CARTESIAN_POINT('',(49.8475733464379,71.7016442197726,-7.3));
#4567=CARTESIAN_POINT('',(31.29185825333,94.4999999999997,-4.3));
#4568=CARTESIAN_POINT('',(51.9688936899975,73.8229645633322,-4.3));
#4569=CARTESIAN_POINT('Origin',(28.29185825333,93.2573593128804,-4.3));
#4570=CARTESIAN_POINT('Origin',(10.9999999999999,-95.5000000000003,-4.3));
#4571=CARTESIAN_POINT('',(10.9999999999999,-98.5000000000003,-4.3));
#4572=CARTESIAN_POINT('',(10.9999999999999,-95.5000000000003,-7.3));
#4573=CARTESIAN_POINT('Origin',(28.29185825333,49.9999999999997,-4.3));
#4574=CARTESIAN_POINT('',(30.6535313890541,49.9999999999997,-6.14999999999985));
#4575=CARTESIAN_POINT('',(28.29185825333,49.9999999999997,-7.3));
#4576=CARTESIAN_POINT('',(31.29185825333,49.9999999999997,-4.3));
#4577=CARTESIAN_POINT('Origin',(35.,-49.0000000000003,4.3));
#4578=CARTESIAN_POINT('',(38.,-78.6844951905819,4.3));
#4579=CARTESIAN_POINT('',(38.,-70.3155048094188,4.3));
#4580=CARTESIAN_POINT('Ctrl Pts',(38.,-78.6844951905819,4.3));
#4581=CARTESIAN_POINT('Ctrl Pts',(38.,-78.4343974297513,4.54337973892342));
#4582=CARTESIAN_POINT('Ctrl Pts',(37.9721774541723,-78.1467634682885,4.7425653100915));
#4583=CARTESIAN_POINT('Ctrl Pts',(37.8998395885214,-77.5063154370614,5.09012373093995));
#4584=CARTESIAN_POINT('Ctrl Pts',(37.853596440497,-77.1501711262037,5.23348566478475));
#4585=CARTESIAN_POINT('Ctrl Pts',(37.7280440186886,-76.0386195820898,5.57098635756612));
#4586=CARTESIAN_POINT('Ctrl Pts',(37.6692820506309,-75.2409228432053,5.66928205063087));
#4587=CARTESIAN_POINT('Ctrl Pts',(37.6692820506309,-73.7590771567953,5.66928205063087));
#4588=CARTESIAN_POINT('Ctrl Pts',(37.7280440186886,-72.9613804179108,5.57098635756612));
#4589=CARTESIAN_POINT('Ctrl Pts',(37.853596440497,-71.8498288737969,5.23348566478474));
#4590=CARTESIAN_POINT('Ctrl Pts',(37.8998395885214,-71.4936845629392,5.09012373093995));
#4591=CARTESIAN_POINT('Ctrl Pts',(37.9721774541723,-70.8532365317121,4.74256531009149));
#4592=CARTESIAN_POINT('Ctrl Pts',(38.,-70.5656025702493,4.54337973892341));
#4593=CARTESIAN_POINT('Ctrl Pts',(38.,-70.3155048094188,4.3));
#4594=CARTESIAN_POINT('',(38.,-49.0000000000003,4.3));
#4595=CARTESIAN_POINT('',(35.,-49.0000000000003,7.3));
#4596=CARTESIAN_POINT('',(38.,69.6844951905812,4.3));
#4597=CARTESIAN_POINT('',(38.,-49.0000000000003,4.3));
#4598=CARTESIAN_POINT('',(38.,61.3155048094181,4.3));
#4599=CARTESIAN_POINT('Ctrl Pts',(38.,61.3155048094181,4.3));
#4600=CARTESIAN_POINT('Ctrl Pts',(38.,61.5656025702487,4.54337973892342));
#4601=CARTESIAN_POINT('Ctrl Pts',(37.9721774541723,61.8532365317115,4.74256531009149));
#4602=CARTESIAN_POINT('Ctrl Pts',(37.8998395885214,62.4936845629386,5.09012373093995));
#4603=CARTESIAN_POINT('Ctrl Pts',(37.853596440497,62.8498288737963,5.23348566478475));
#4604=CARTESIAN_POINT('Ctrl Pts',(37.7280440186886,63.9613804179102,5.57098635756612));
#4605=CARTESIAN_POINT('Ctrl Pts',(37.6692820506309,64.7590771567947,5.66928205063087));
#4606=CARTESIAN_POINT('Ctrl Pts',(37.6692820506309,66.2409228432046,5.66928205063087));
#4607=CARTESIAN_POINT('Ctrl Pts',(37.7280440186886,67.0386195820891,5.57098635756612));
#4608=CARTESIAN_POINT('Ctrl Pts',(37.853596440497,68.150171126203,5.23348566478475));
#4609=CARTESIAN_POINT('Ctrl Pts',(37.8998395885214,68.5063154370607,5.09012373093995));
#4610=CARTESIAN_POINT('Ctrl Pts',(37.9721774541723,69.1467634682879,4.74256531009149));
#4611=CARTESIAN_POINT('Ctrl Pts',(38.,69.4343974297506,4.54337973892342));
#4612=CARTESIAN_POINT('Ctrl Pts',(38.,69.6844951905812,4.3));
#4613=CARTESIAN_POINT('',(38.,-49.0000000000003,4.3));
#4614=CARTESIAN_POINT('Origin',(49.8475733464379,71.7016442197726,4.3));
#4615=CARTESIAN_POINT('',(31.29185825333,94.4999999999997,4.3));
#4616=CARTESIAN_POINT('',(51.9688936899975,73.8229645633322,4.3));
#4617=CARTESIAN_POINT('',(28.29185825333,93.2573593128804,7.3));
#4618=CARTESIAN_POINT('',(49.8475733464379,71.7016442197726,7.3));
#4619=CARTESIAN_POINT('Origin',(28.29185825333,93.2573593128804,4.3));
#4620=CARTESIAN_POINT('Origin',(5.00000000000028,-44.6750000000003,-4.3));
#4621=CARTESIAN_POINT('',(2.00000000000001,-89.8500000000004,-4.3));
#4622=CARTESIAN_POINT('',(2.00000000000028,-44.6750000000003,-4.3));
#4623=CARTESIAN_POINT('',(5.,-91.0926406871197,-7.3));
#4624=CARTESIAN_POINT('',(5.00000000000028,-44.6750000000003,-7.3));
#4625=CARTESIAN_POINT('Origin',(5.,-91.0926406871197,-4.3));
#4626=CARTESIAN_POINT('Origin',(10.9999999999999,-95.5000000000003,4.3));
#4627=CARTESIAN_POINT('',(10.9999999999999,-98.5000000000003,4.3));
#4628=CARTESIAN_POINT('',(10.9999999999999,-95.5000000000003,7.3));
#4629=CARTESIAN_POINT('Origin',(28.29185825333,49.9999999999997,4.3));
#4630=CARTESIAN_POINT('',(31.29185825333,49.9999999999997,4.3));
#4631=CARTESIAN_POINT('',(28.29185825333,99.4999999999997,7.3));
#4632=CARTESIAN_POINT('',(28.29185825333,49.9999999999997,7.3));
#4633=CARTESIAN_POINT('',(30.6535313890541,99.4999999999997,6.14999999999982));
#4634=CARTESIAN_POINT('Origin',(28.29185825333,99.4999999999997,4.3));
#4635=CARTESIAN_POINT('',(30.653531389054,49.9999999999997,6.14999999999991));
#4636=CARTESIAN_POINT('Origin',(32.8338203435595,-63.2588203435593,-4.3));
#4637=CARTESIAN_POINT('',(5.24999999999999,-86.6000000000003,-4.3));
#4638=CARTESIAN_POINT('',(30.7124999999999,-61.1374999999996,-4.3));
#4639=CARTESIAN_POINT('',(8.25,-87.8426406871196,-7.3));
#4640=CARTESIAN_POINT('',(32.8338203435595,-63.2588203435593,-7.3));
#4641=CARTESIAN_POINT('Origin',(8.25,-87.8426406871196,-4.3));
#4642=CARTESIAN_POINT('Origin',(5.00000000000028,-44.6750000000003,4.3));
#4643=CARTESIAN_POINT('',(5.00000000000028,-44.6750000000003,7.3));
#4644=CARTESIAN_POINT('',(2.00000000000028,-44.6750000000003,4.3));
#4645=CARTESIAN_POINT('Origin',(8.25,-31.9500000000003,-4.3));
#4646=CARTESIAN_POINT('',(5.25,-78.6844951905819,-4.3));
#4647=CARTESIAN_POINT('',(5.58071794936914,-74.5000000000003,-5.66928205063087));
#4648=CARTESIAN_POINT('Ctrl Pts',(5.25,-78.6844951905819,-4.3));
#4649=CARTESIAN_POINT('Ctrl Pts',(5.25,-78.4343974297513,-4.54337973892342));
#4650=CARTESIAN_POINT('Ctrl Pts',(5.2778225458277,-78.1467634682885,-4.74256531009149));
#4651=CARTESIAN_POINT('Ctrl Pts',(5.35016041147858,-77.5063154370614,-5.09012373093995));
#4652=CARTESIAN_POINT('Ctrl Pts',(5.39640355950305,-77.1501711262037,-5.23348566478474));
#4653=CARTESIAN_POINT('Ctrl Pts',(5.52195598131144,-76.0386195820898,-5.57098635756612));
#4654=CARTESIAN_POINT('Ctrl Pts',(5.58071794936914,-75.2409228432053,-5.66928205063087));
#4655=CARTESIAN_POINT('Ctrl Pts',(5.58071794936914,-74.5000000000003,-5.66928205063087));
#4656=CARTESIAN_POINT('',(5.25,-31.9500000000003,-4.3));
#4657=CARTESIAN_POINT('',(8.25000000000001,-64.0763257718327,-7.3));
#4658=CARTESIAN_POINT('',(8.25,-31.9500000000003,-7.3));
#4659=CARTESIAN_POINT('',(5.25,-64.4000000000003,-4.3));
#4660=CARTESIAN_POINT('Origin',(8.25,-64.0763257718327,-4.3));
#4661=CARTESIAN_POINT('',(5.25,-70.3155048094188,-4.3));
#4662=CARTESIAN_POINT('',(5.25,-31.9500000000003,-4.3));
#4663=CARTESIAN_POINT('Ctrl Pts',(5.58071794936914,-74.5000000000003,-5.66928205063087));
#4664=CARTESIAN_POINT('Ctrl Pts',(5.58071794936914,-73.7590771567953,-5.66928205063087));
#4665=CARTESIAN_POINT('Ctrl Pts',(5.52195598131144,-72.9613804179108,-5.57098635756612));
#4666=CARTESIAN_POINT('Ctrl Pts',(5.39640355950305,-71.8498288737969,-5.23348566478474));
#4667=CARTESIAN_POINT('Ctrl Pts',(5.35016041147858,-71.4936845629392,-5.09012373093995));
#4668=CARTESIAN_POINT('Ctrl Pts',(5.27782254582769,-70.8532365317121,-4.74256531009148));
#4669=CARTESIAN_POINT('Ctrl Pts',(5.25,-70.5656025702493,-4.54337973892341));
#4670=CARTESIAN_POINT('Ctrl Pts',(5.25,-70.3155048094188,-4.3));
#4671=CARTESIAN_POINT('Origin',(0.129206042154417,-26.880299486398,-4.3));
#4672=CARTESIAN_POINT('',(1.99999999999985,-49.5138834385922,-4.3));
#4673=CARTESIAN_POINT('',(-2.80175428076805,-27.5201991546696,-4.3));
#4674=CARTESIAN_POINT('',(4.99999999999991,-49.1902092104248,-7.3));
#4675=CARTESIAN_POINT('',(0.129206042154417,-26.880299486398,-7.3));
#4676=CARTESIAN_POINT('Origin',(4.99999999999991,-49.1902092104248,-4.3));
#4677=CARTESIAN_POINT('Origin',(5.00000000001318,25.3250000000095,-4.3));
#4678=CARTESIAN_POINT('',(2.0000000000176,50.1500000000172,-4.3));
#4679=CARTESIAN_POINT('',(2.00000000001318,25.3250000000101,-4.3));
#4680=CARTESIAN_POINT('',(5.00000000001739,48.9073593128978,-7.3));
#4681=CARTESIAN_POINT('',(5.00000000001318,25.3250000000095,-7.3));
#4682=CARTESIAN_POINT('Origin',(5.00000000001738,48.9073593128978,-4.3));
#4683=CARTESIAN_POINT('Origin',(-2.1661796564404,41.7411796564399,-4.3));
#4684=CARTESIAN_POINT('',(5.25,53.3999999999997,-4.3));
#4685=CARTESIAN_POINT('',(-4.28750000000005,43.8624999999995,-4.3));
#4686=CARTESIAN_POINT('',(8.25,52.1573593128804,-7.3));
#4687=CARTESIAN_POINT('',(-2.1661796564404,41.7411796564399,-7.3));
#4688=CARTESIAN_POINT('Origin',(8.25,52.1573593128804,-4.3));
#4689=CARTESIAN_POINT('Origin',(8.25,38.0499999999997,-4.3));
#4690=CARTESIAN_POINT('',(5.25,61.3155048094181,-4.3));
#4691=CARTESIAN_POINT('',(5.58071794936913,65.4999999999997,-5.66928205063087));
#4692=CARTESIAN_POINT('Ctrl Pts',(5.25,61.3155048094181,-4.3));
#4693=CARTESIAN_POINT('Ctrl Pts',(5.25,61.5656025702487,-4.54337973892342));
#4694=CARTESIAN_POINT('Ctrl Pts',(5.27782254582769,61.8532365317115,-4.74256531009149));
#4695=CARTESIAN_POINT('Ctrl Pts',(5.35016041147858,62.4936845629386,-5.09012373093995));
#4696=CARTESIAN_POINT('Ctrl Pts',(5.39640355950305,62.8498288737963,-5.23348566478475));
#4697=CARTESIAN_POINT('Ctrl Pts',(5.52195598131144,63.9613804179102,-5.57098635756612));
#4698=CARTESIAN_POINT('Ctrl Pts',(5.58071794936913,64.7590771567947,-5.66928205063087));
#4699=CARTESIAN_POINT('Ctrl Pts',(5.58071794936913,65.4999999999997,-5.66928205063087));
#4700=CARTESIAN_POINT('',(5.25,38.0499999999997,-4.3));
#4701=CARTESIAN_POINT('',(8.24999999999999,74.8980317066478,-7.3));
#4702=CARTESIAN_POINT('',(8.25,38.0499999999997,-7.3));
#4703=CARTESIAN_POINT('',(5.25,75.5999999999997,-4.3));
#4704=CARTESIAN_POINT('Origin',(8.25,74.8980317066478,-4.3));
#4705=CARTESIAN_POINT('',(5.25,69.6844951905812,-4.3));
#4706=CARTESIAN_POINT('',(5.25,38.0499999999997,-4.3));
#4707=CARTESIAN_POINT('Ctrl Pts',(5.58071794936913,65.4999999999997,-5.66928205063087));
#4708=CARTESIAN_POINT('Ctrl Pts',(5.58071794936913,66.2409228432047,-5.66928205063087));
#4709=CARTESIAN_POINT('Ctrl Pts',(5.52195598131144,67.0386195820892,-5.57098635756612));
#4710=CARTESIAN_POINT('Ctrl Pts',(5.39640355950305,68.1501711262031,-5.23348566478475));
#4711=CARTESIAN_POINT('Ctrl Pts',(5.35016041147858,68.5063154370608,-5.09012373093995));
#4712=CARTESIAN_POINT('Ctrl Pts',(5.27782254582769,69.1467634682879,-4.74256531009149));
#4713=CARTESIAN_POINT('Ctrl Pts',(5.25,69.4343974297506,-4.54337973892342));
#4714=CARTESIAN_POINT('Ctrl Pts',(5.25,69.6844951905812,-4.3));
#4715=CARTESIAN_POINT('Origin',(-4.36540613146299,49.416753997286,-4.3));
#4716=CARTESIAN_POINT('',(7.59999999999999,80.3466567459649,-4.3));
#4717=CARTESIAN_POINT('',(-7.05395223716182,50.7478136644428,-4.3));
#4718=CARTESIAN_POINT('',(10.6,79.6446884526131,-7.3));
#4719=CARTESIAN_POINT('',(-4.36540613146299,49.416753997286,-7.3));
#4720=CARTESIAN_POINT('Origin',(10.6,79.6446884526131,-4.3));
#4721=CARTESIAN_POINT('Origin',(10.6,49.9999999999997,-4.3));
#4722=CARTESIAN_POINT('',(7.59999999999999,49.9999999999997,-4.3));
#4723=CARTESIAN_POINT('',(10.6,49.9999999999997,-7.3));
#4724=CARTESIAN_POINT('Origin',(37.,-74.5000000000003,8.32667268468867E-16));
#4725=CARTESIAN_POINT('',(36.,-74.5000000000003,-4.));
#4726=CARTESIAN_POINT('',(37.,-74.5000000000003,-5.));
#4727=CARTESIAN_POINT('Origin',(36.,-74.5000000000003,8.32667268468867E-16));
#4728=CARTESIAN_POINT('Origin',(38.,-74.5000000000003,8.32667268468867E-16));
#4729=CARTESIAN_POINT('Origin',(38.,-74.5000000000003,8.32667268468867E-16));
#4730=CARTESIAN_POINT('Origin',(38.,-98.5000000000003,0.));
#4731=CARTESIAN_POINT('Origin',(38.,-98.5000000000003,0.));
#4732=CARTESIAN_POINT('Origin',(38.,65.4999999999997,-3.60822483003176E-15));
#4733=CARTESIAN_POINT('Origin',(38.,99.4999999999997,0.));
#4734=CARTESIAN_POINT('',(37.,99.4999999999997,6.14999999999982));
#4735=CARTESIAN_POINT('',(40.,99.4999999999997,7.3));
#4736=CARTESIAN_POINT('Origin',(2.00000000000001,-89.8500000000004,0.));
#4737=CARTESIAN_POINT('',(2.00000000000001,-89.8500000000004,0.));
#4738=CARTESIAN_POINT('Origin',(5.24999999999999,-86.6000000000003,0.));
#4739=CARTESIAN_POINT('',(5.24999999999999,-86.6000000000003,0.));
#4740=CARTESIAN_POINT('Origin',(6.25,-74.5000000000003,8.32667268468867E-16));
#4741=CARTESIAN_POINT('Origin',(5.25,-74.5000000000003,8.32667268468867E-16));
#4742=CARTESIAN_POINT('',(7.25000000000001,-74.5000000000003,-4.));
#4743=CARTESIAN_POINT('',(6.25,-74.5000000000003,-5.));
#4744=CARTESIAN_POINT('Origin',(7.25000000000001,-74.5000000000003,8.32667268468867E-16));
#4745=CARTESIAN_POINT('Origin',(5.25,-74.5000000000003,8.32667268468867E-16));
#4746=CARTESIAN_POINT('Origin',(5.25,-64.4000000000003,0.));
#4747=CARTESIAN_POINT('Origin',(5.25,-64.4000000000003,0.));
#4748=CARTESIAN_POINT('',(5.25,-64.4000000000003,0.));
#4749=CARTESIAN_POINT('Origin',(1.99999999999985,-49.5138834385922,0.));
#4750=CARTESIAN_POINT('',(1.99999999999985,-49.5138834385922,0.));
#4751=CARTESIAN_POINT('Origin',(2.0000000000176,50.1500000000172,0.));
#4752=CARTESIAN_POINT('',(2.0000000000176,50.1500000000172,0.));
#4753=CARTESIAN_POINT('Origin',(5.25,53.3999999999997,0.));
#4754=CARTESIAN_POINT('',(5.25,53.3999999999997,0.));
#4755=CARTESIAN_POINT('Origin',(6.25,65.4999999999997,-3.60822483003176E-15));
#4756=CARTESIAN_POINT('Origin',(5.25,65.4999999999997,-3.60822483003176E-15));
#4757=CARTESIAN_POINT('',(7.25,65.4999999999997,-4.));
#4758=CARTESIAN_POINT('',(6.25,65.4999999999997,-5.));
#4759=CARTESIAN_POINT('Origin',(7.25,65.4999999999997,-3.60822483003176E-15));
#4760=CARTESIAN_POINT('Origin',(5.25,65.4999999999997,-3.60822483003176E-15));
#4761=CARTESIAN_POINT('Origin',(5.25,75.5999999999997,0.));
#4762=CARTESIAN_POINT('Origin',(5.25,75.5999999999997,0.));
#4763=CARTESIAN_POINT('',(5.25,75.5999999999997,0.));
#4764=CARTESIAN_POINT('Origin',(7.59999999999999,80.3466567459649,0.));
#4765=CARTESIAN_POINT('',(7.59999999999999,80.3466567459649,0.));
#4766=CARTESIAN_POINT('Origin',(7.59999999999999,99.4999999999997,0.));
#4767=CARTESIAN_POINT('Origin',(1.99999999999996,-98.5000000000003,0.));
#4768=CARTESIAN_POINT('Origin',(9.,102.5,-4.00000000000018));
#4769=CARTESIAN_POINT('',(6.87867965644036,101.,-4.3500000000002));
#4770=CARTESIAN_POINT('',(6.85,101.,-4.00000000000018));
#4771=CARTESIAN_POINT('Origin',(9.,101.,-4.00000000000018));
#4772=CARTESIAN_POINT('',(6.87867965644037,102.5,-4.35000000000022));
#4773=CARTESIAN_POINT('',(9.,102.5,-6.15000000000018));
#4774=CARTESIAN_POINT('',(9.,102.5,-6.15000000000018));
#4775=CARTESIAN_POINT('',(6.85,102.5,-4.00000000000018));
#4776=CARTESIAN_POINT('Origin',(9.,102.5,-4.00000000000018));
#4777=CARTESIAN_POINT('',(6.85,102.5,-4.00000000000018));
#4778=CARTESIAN_POINT('Origin',(34.,96.7499999999997,-1.85962356624714E-13));
#4779=CARTESIAN_POINT('',(36.2,96.7499999999997,2.19999999999981));
#4780=CARTESIAN_POINT('',(31.8,96.7499999999997,2.19999999999981));
#4781=CARTESIAN_POINT('',(36.2,96.7499999999997,2.19999999999981));
#4782=CARTESIAN_POINT('',(36.2,96.7499999999997,-2.20000000000019));
#4783=CARTESIAN_POINT('',(36.2,96.7499999999997,-2.20000000000019));
#4784=CARTESIAN_POINT('',(31.8,96.7499999999997,-2.20000000000019));
#4785=CARTESIAN_POINT('',(31.8,96.7499999999997,-2.20000000000019));
#4786=CARTESIAN_POINT('',(31.8,96.7499999999997,2.19999999999981));
#4787=CARTESIAN_POINT('',(34.,96.7499999999997,-1.10000000000018));
#4788=CARTESIAN_POINT('Origin',(34.,96.7499999999997,-1.80630810183966E-13));
#4789=CARTESIAN_POINT('Origin',(31.8,97.3999999999997,-2.20000000000019));
#4790=CARTESIAN_POINT('',(31.8,98.0499999999997,2.19999999999981));
#4791=CARTESIAN_POINT('',(31.8,97.3999999999997,2.19999999999981));
#4792=CARTESIAN_POINT('',(31.8,98.0499999999997,-2.20000000000019));
#4793=CARTESIAN_POINT('',(31.8,97.3999999999997,-2.20000000000019));
#4794=CARTESIAN_POINT('',(31.8,98.0499999999997,2.19999999999981));
#4795=CARTESIAN_POINT('Origin',(36.2,97.3999999999997,-2.20000000000019));
#4796=CARTESIAN_POINT('',(36.2,98.0499999999997,-2.20000000000019));
#4797=CARTESIAN_POINT('',(36.2,97.3999999999997,-2.20000000000019));
#4798=CARTESIAN_POINT('',(31.8,98.0499999999997,-2.20000000000019));
#4799=CARTESIAN_POINT('Origin',(36.2,97.3999999999997,2.19999999999981));
#4800=CARTESIAN_POINT('',(36.2,98.0499999999997,2.19999999999981));
#4801=CARTESIAN_POINT('',(36.2,97.3999999999997,2.19999999999981));
#4802=CARTESIAN_POINT('',(36.2,98.0499999999997,-2.20000000000019));
#4803=CARTESIAN_POINT('Origin',(31.8,97.3999999999997,2.19999999999981));
#4804=CARTESIAN_POINT('',(36.2,98.0499999999997,2.19999999999981));
#4805=CARTESIAN_POINT('Origin',(34.,98.0499999999997,-1.88182802673964E-13));
#4806=CARTESIAN_POINT('',(34.,98.0499999999997,-1.10000000000018));
#4807=CARTESIAN_POINT('Origin',(34.,98.0499999999997,-1.82940074075187E-13));
#4808=CARTESIAN_POINT('Origin',(34.,99.0499999999997,-1.84716430914587E-13));
#4809=CARTESIAN_POINT('',(34.,99.0499999999997,-1.10000000000018));
#4810=CARTESIAN_POINT('Origin',(34.,99.0499999999997,-1.84716430914587E-13));
#4811=CARTESIAN_POINT('',(34.,95.8999999999997,-1.10000000000018));
#4812=CARTESIAN_POINT('',(34.,99.0499999999997,-1.10000000000018));
#4813=CARTESIAN_POINT('Origin',(34.,95.8999999999997,-1.79120906870476E-13));
#4814=CARTESIAN_POINT('Origin',(34.,95.8999999999997,-1.79120906870476E-13));
#4815=CARTESIAN_POINT('Origin',(5.46966991411009,101.13033008589,1.99999999999981));
#4816=CARTESIAN_POINT('',(5.3393398282202,101.,-4.3500000000002));
#4817=CARTESIAN_POINT('',(4.85,100.510660171779,-4.35000000000019));
#4818=CARTESIAN_POINT('',(5.81966991411007,101.48033008589,-4.35000000000021));
#4819=CARTESIAN_POINT('',(5.3393398282202,101.,4.34999999999982));
#4820=CARTESIAN_POINT('',(5.3393398282202,101.,2.99999999999982));
#4821=CARTESIAN_POINT('',(4.85,100.510660171779,4.34999999999982));
#4822=CARTESIAN_POINT('',(5.44466991411009,101.10533008589,4.34999999999982));
#4823=CARTESIAN_POINT('',(4.85,100.510660171779,0.999999999999812));
#4824=CARTESIAN_POINT('Origin',(7.,101.,-4.3500000000002));
#4825=CARTESIAN_POINT('',(7.,101.,-4.3500000000002));
#4826=CARTESIAN_POINT('',(4.85,100.625,-4.3500000000002));
#4827=CARTESIAN_POINT('Origin',(7.,101.,3.99999999999982));
#4828=CARTESIAN_POINT('',(6.85,101.,3.99999999999982));
#4829=CARTESIAN_POINT('',(6.85,101.,3.99999999999982));
#4830=CARTESIAN_POINT('',(6.87867965644036,101.,4.34999999999982));
#4831=CARTESIAN_POINT('Origin',(9.,101.,3.99999999999982));
#4832=CARTESIAN_POINT('',(7.,101.,4.34999999999982));
#4833=CARTESIAN_POINT('Origin',(7.,99.4999999999997,4.34999999999982));
#4834=CARTESIAN_POINT('',(6.87867965644036,102.5,4.34999999999982));
#4835=CARTESIAN_POINT('',(4.85,99.8749999999997,4.34999999999982));
#4836=CARTESIAN_POINT('Origin',(4.85,100.25,-1.90403248723214E-13));
#4837=CARTESIAN_POINT('Origin',(9.,62.6999999999997,-2.8));
#4838=CARTESIAN_POINT('',(9.,62.6999999999997,-2.8));
#4839=CARTESIAN_POINT('',(9.,62.6999999999997,2.8));
#4840=CARTESIAN_POINT('',(9.,62.6999999999997,-2.8));
#4841=CARTESIAN_POINT('',(7.1,62.6999999999997,-2.8));
#4842=CARTESIAN_POINT('',(9.,62.6999999999997,-2.8));
#4843=CARTESIAN_POINT('',(7.1,62.6999999999997,2.8));
#4844=CARTESIAN_POINT('',(7.1,62.6999999999997,-2.8));
#4845=CARTESIAN_POINT('',(9.,62.6999999999997,2.8));
#4846=CARTESIAN_POINT('Origin',(9.,68.2999999999997,-2.8));
#4847=CARTESIAN_POINT('',(9.,68.2999999999997,-2.8));
#4848=CARTESIAN_POINT('',(9.,68.2999999999997,-2.8));
#4849=CARTESIAN_POINT('',(7.1,68.2999999999997,-2.8));
#4850=CARTESIAN_POINT('',(9.,68.2999999999997,-2.8));
#4851=CARTESIAN_POINT('',(7.1,68.2999999999997,-2.8));
#4852=CARTESIAN_POINT('Origin',(9.,68.2999999999997,2.8));
#4853=CARTESIAN_POINT('',(9.,68.2999999999997,2.8));
#4854=CARTESIAN_POINT('',(9.,68.2999999999997,2.8));
#4855=CARTESIAN_POINT('',(7.1,68.2999999999997,2.8));
#4856=CARTESIAN_POINT('',(9.,68.2999999999997,2.8));
#4857=CARTESIAN_POINT('',(7.1,68.2999999999997,2.8));
#4858=CARTESIAN_POINT('Origin',(9.,62.6999999999997,2.8));
#4859=CARTESIAN_POINT('',(9.,62.6999999999997,2.8));
#4860=CARTESIAN_POINT('',(7.1,62.6999999999997,2.8));
#4861=CARTESIAN_POINT('Origin',(7.1,65.4999999999997,-2.22044604925031E-15));
#4862=CARTESIAN_POINT('',(7.1,65.4999999999997,-1.55));
#4863=CARTESIAN_POINT('Origin',(7.1,65.4999999999997,-3.60822483003176E-15));
#4864=CARTESIAN_POINT('Origin',(9.,65.4999999999997,-2.22044604925031E-15));
#4865=CARTESIAN_POINT('',(9.,65.4999999999997,-1.55));
#4866=CARTESIAN_POINT('Origin',(9.,65.4999999999997,-3.60822483003176E-15));
#4867=CARTESIAN_POINT('Origin',(9.,-77.3000000000003,2.80000000000001));
#4868=CARTESIAN_POINT('',(9.,-71.7000000000003,2.80000000000001));
#4869=CARTESIAN_POINT('',(9.,-77.3000000000003,2.80000000000001));
#4870=CARTESIAN_POINT('',(9.,-71.7000000000003,2.80000000000001));
#4871=CARTESIAN_POINT('',(7.1,-77.3000000000003,2.80000000000001));
#4872=CARTESIAN_POINT('',(9.,-77.3000000000003,2.80000000000001));
#4873=CARTESIAN_POINT('',(7.1,-71.7000000000003,2.80000000000001));
#4874=CARTESIAN_POINT('',(7.1,-71.7000000000003,2.80000000000001));
#4875=CARTESIAN_POINT('',(9.,-71.7000000000003,2.80000000000001));
#4876=CARTESIAN_POINT('Origin',(9.,-77.3000000000003,-2.79999999999999));
#4877=CARTESIAN_POINT('',(9.,-77.3000000000003,-2.79999999999999));
#4878=CARTESIAN_POINT('',(9.,-77.3000000000003,2.80000000000001));
#4879=CARTESIAN_POINT('',(7.1,-77.3000000000003,-2.79999999999999));
#4880=CARTESIAN_POINT('',(9.,-77.3000000000003,-2.79999999999999));
#4881=CARTESIAN_POINT('',(7.1,-77.3000000000003,2.80000000000001));
#4882=CARTESIAN_POINT('Origin',(9.,-71.7000000000003,-2.79999999999999));
#4883=CARTESIAN_POINT('',(9.,-71.7000000000003,-2.79999999999999));
#4884=CARTESIAN_POINT('',(9.,-77.3000000000003,-2.79999999999999));
#4885=CARTESIAN_POINT('',(7.1,-71.7000000000003,-2.79999999999999));
#4886=CARTESIAN_POINT('',(9.,-71.7000000000003,-2.79999999999999));
#4887=CARTESIAN_POINT('',(7.1,-77.3000000000003,-2.79999999999999));
#4888=CARTESIAN_POINT('Origin',(9.,-71.7000000000003,2.80000000000001));
#4889=CARTESIAN_POINT('',(9.,-71.7000000000003,-2.79999999999999));
#4890=CARTESIAN_POINT('',(7.1,-71.7000000000003,-2.79999999999999));
#4891=CARTESIAN_POINT('Origin',(7.1,-74.5000000000003,8.88178419700125E-15));
#4892=CARTESIAN_POINT('',(7.1,-74.5000000000003,-1.55));
#4893=CARTESIAN_POINT('Origin',(7.1,-74.5000000000003,8.32667268468867E-16));
#4894=CARTESIAN_POINT('Origin',(9.,-74.5000000000003,8.88178419700125E-15));
#4895=CARTESIAN_POINT('',(9.,-74.5000000000003,-1.55));
#4896=CARTESIAN_POINT('Origin',(9.,-74.5000000000003,8.32667268468867E-16));
#4897=CARTESIAN_POINT('Origin',(3.,65.4999999999997,-3.60822483003176E-15));
#4898=CARTESIAN_POINT('',(11.,65.4999999999997,-1.55));
#4899=CARTESIAN_POINT('',(3.,65.4999999999997,-1.55));
#4900=CARTESIAN_POINT('Origin',(11.,65.4999999999997,-3.60822483003176E-15));
#4901=CARTESIAN_POINT('Origin',(3.,-74.5000000000003,8.32667268468867E-16));
#4902=CARTESIAN_POINT('',(11.,-74.5000000000003,-1.55));
#4903=CARTESIAN_POINT('',(3.,-74.5000000000003,-1.55));
#4904=CARTESIAN_POINT('Origin',(11.,-74.5000000000003,8.32667268468867E-16));
#4905=CARTESIAN_POINT('Origin',(31.29185825333,94.4999999999997,-7.3));
#4906=CARTESIAN_POINT('',(31.29185825333,94.4999999999997,-7.3));
#4907=CARTESIAN_POINT('Origin',(31.29185825333,99.4999999999997,-7.3));
#4908=CARTESIAN_POINT('Origin',(19.9999999999999,0.49999999999967,7.3));
#4909=CARTESIAN_POINT('Origin',(38.15,-98.5000000000003,0.));
#4910=CARTESIAN_POINT('',(38.15,102.5,3.99999999999981));
#4911=CARTESIAN_POINT('',(38.15,102.5,3.99999999999981));
#4912=CARTESIAN_POINT('',(38.15,102.5,-4.00000000000018));
#4913=CARTESIAN_POINT('',(38.15,102.5,-5.00000000000025));
#4914=CARTESIAN_POINT('',(38.15,102.5,-4.00000000000018));
#4915=CARTESIAN_POINT('Origin',(38.,-98.5000000000003,0.));
#4916=CARTESIAN_POINT('Origin',(38.,65.4999999999997,-3.60822483003176E-15));
#4917=CARTESIAN_POINT('Origin',(6.85,102.5,3.99999999999981));
#4918=CARTESIAN_POINT('',(6.85,102.5,3.99999999999981));
#4919=CARTESIAN_POINT('',(6.85,102.5,-3.00000000000007));
#4920=CARTESIAN_POINT('',(6.85,102.5,3.99999999999981));
#4921=CARTESIAN_POINT('Origin',(9.,102.5,3.99999999999981));
#4922=CARTESIAN_POINT('',(9.,102.5,6.14999999999982));
#4923=CARTESIAN_POINT('Origin',(9.,102.5,3.99999999999981));
#4924=CARTESIAN_POINT('',(9.,102.5,6.14999999999982));
#4925=CARTESIAN_POINT('Origin',(36.,102.5,6.14999999999982));
#4926=CARTESIAN_POINT('',(36.,102.5,6.14999999999982));
#4927=CARTESIAN_POINT('',(18.,102.5,6.14999999999982));
#4928=CARTESIAN_POINT('',(36.,102.5,6.14999999999982));
#4929=CARTESIAN_POINT('Origin',(36.,102.5,3.99999999999981));
#4930=CARTESIAN_POINT('Origin',(36.,102.5,3.99999999999981));
#4931=CARTESIAN_POINT('Origin',(36.,102.5,-4.00000000000018));
#4932=CARTESIAN_POINT('',(36.,102.5,-6.15000000000018));
#4933=CARTESIAN_POINT('Origin',(36.,102.5,-4.00000000000018));
#4934=CARTESIAN_POINT('',(36.,102.5,-6.15000000000018));
#4935=CARTESIAN_POINT('Origin',(9.,102.5,-6.15000000000018));
#4936=CARTESIAN_POINT('',(4.49999999999998,102.5,-6.15000000000023));
#4937=CARTESIAN_POINT('Origin',(38.,-74.5000000000003,8.32667268468867E-16));
#4938=CARTESIAN_POINT('',(38.,-74.5000000000003,-4.));
#4939=CARTESIAN_POINT('Origin',(37.,65.4999999999997,-3.60822483003176E-15));
#4940=CARTESIAN_POINT('',(36.,65.4999999999997,-4.));
#4941=CARTESIAN_POINT('',(37.,65.4999999999997,-5.));
#4942=CARTESIAN_POINT('Origin',(36.,65.4999999999997,-3.60822483003176E-15));
#4943=CARTESIAN_POINT('Origin',(38.,65.4999999999997,-3.60822483003176E-15));
#4944=CARTESIAN_POINT('',(38.,65.4999999999997,-4.));
#4945=CARTESIAN_POINT('Origin',(19.9999999999999,0.49999999999967,-7.3));
#4946=CARTESIAN_POINT('Origin',(5.9,94.8499999999997,-2.15));
#4947=CARTESIAN_POINT('',(5.9,94.8499999999997,-2.15));
#4948=CARTESIAN_POINT('',(5.9,94.8499999999997,2.15));
#4949=CARTESIAN_POINT('',(5.9,94.8499999999997,-2.15));
#4950=CARTESIAN_POINT('',(4.6,94.8499999999997,-2.15));
#4951=CARTESIAN_POINT('',(5.9,94.8499999999997,-2.15));
#4952=CARTESIAN_POINT('',(4.6,94.8499999999997,2.15));
#4953=CARTESIAN_POINT('',(4.6,94.8499999999997,-2.15));
#4954=CARTESIAN_POINT('',(5.9,94.8499999999997,2.15));
#4955=CARTESIAN_POINT('Origin',(5.9,99.1499999999997,-2.15));
#4956=CARTESIAN_POINT('',(5.9,99.1499999999997,-2.15));
#4957=CARTESIAN_POINT('',(5.9,99.1499999999997,-2.15));
#4958=CARTESIAN_POINT('',(4.6,99.1499999999997,-2.15));
#4959=CARTESIAN_POINT('',(5.9,99.1499999999997,-2.15));
#4960=CARTESIAN_POINT('',(4.6,99.1499999999997,-2.15));
#4961=CARTESIAN_POINT('Origin',(5.9,99.1499999999997,2.15));
#4962=CARTESIAN_POINT('',(5.9,99.1499999999997,2.15));
#4963=CARTESIAN_POINT('',(5.9,99.1499999999997,2.15));
#4964=CARTESIAN_POINT('',(4.6,99.1499999999997,2.15));
#4965=CARTESIAN_POINT('',(5.9,99.1499999999997,2.15));
#4966=CARTESIAN_POINT('',(4.6,99.1499999999997,2.15));
#4967=CARTESIAN_POINT('Origin',(5.9,94.8499999999997,2.15));
#4968=CARTESIAN_POINT('',(5.9,94.8499999999997,2.15));
#4969=CARTESIAN_POINT('',(4.6,94.8499999999997,2.15));
#4970=CARTESIAN_POINT('Origin',(4.6,96.9999999999997,5.55111512312578E-16));
#4971=CARTESIAN_POINT('',(4.6,98.0999999999997,1.35745184502568E-16));
#4972=CARTESIAN_POINT('Origin',(4.6,96.9999999999997,1.03403659635905E-18));
#4973=CARTESIAN_POINT('Origin',(5.9,96.9999999999997,5.55111512312578E-16));
#4974=CARTESIAN_POINT('',(5.9,98.0999999999997,-1.3367711130985E-16));
#4975=CARTESIAN_POINT('Origin',(5.9,96.9999999999997,1.03403659635905E-18));
#4976=CARTESIAN_POINT('Origin',(5.9,78.8499999999997,-2.15000000000001));
#4977=CARTESIAN_POINT('',(5.9,78.8499999999997,-2.15000000000001));
#4978=CARTESIAN_POINT('',(5.9,78.8499999999997,2.14999999999999));
#4979=CARTESIAN_POINT('',(5.9,78.8499999999997,-2.15000000000001));
#4980=CARTESIAN_POINT('',(4.6,78.8499999999997,-2.15000000000001));
#4981=CARTESIAN_POINT('',(5.9,78.8499999999997,-2.15000000000001));
#4982=CARTESIAN_POINT('',(4.6,78.8499999999997,2.14999999999999));
#4983=CARTESIAN_POINT('',(4.6,78.8499999999997,-2.15000000000001));
#4984=CARTESIAN_POINT('',(5.9,78.8499999999997,2.14999999999999));
#4985=CARTESIAN_POINT('Origin',(5.9,83.1499999999997,-2.15));
#4986=CARTESIAN_POINT('',(5.9,83.1499999999997,-2.15));
#4987=CARTESIAN_POINT('',(5.9,83.1499999999997,-2.15));
#4988=CARTESIAN_POINT('',(4.6,83.1499999999997,-2.15));
#4989=CARTESIAN_POINT('',(5.9,83.1499999999997,-2.15));
#4990=CARTESIAN_POINT('',(4.6,83.1499999999997,-2.15));
#4991=CARTESIAN_POINT('Origin',(5.9,83.1499999999997,2.14999999999999));
#4992=CARTESIAN_POINT('',(5.9,83.1499999999997,2.14999999999999));
#4993=CARTESIAN_POINT('',(5.9,83.1499999999997,2.14999999999999));
#4994=CARTESIAN_POINT('',(4.6,83.1499999999997,2.14999999999999));
#4995=CARTESIAN_POINT('',(5.9,83.1499999999997,2.14999999999999));
#4996=CARTESIAN_POINT('',(4.6,83.1499999999997,2.14999999999999));
#4997=CARTESIAN_POINT('Origin',(5.9,78.8499999999997,2.14999999999999));
#4998=CARTESIAN_POINT('',(5.9,78.8499999999997,2.14999999999999));
#4999=CARTESIAN_POINT('',(4.6,78.8499999999997,2.14999999999999));
#5000=CARTESIAN_POINT('Origin',(4.6,80.9999999999997,-9.15933995315754E-15));
#5001=CARTESIAN_POINT('',(4.6,82.0999999999997,2.57175827820944E-16));
#5002=CARTESIAN_POINT('Origin',(4.6,80.9999999999997,1.22464679914736E-16));
#5003=CARTESIAN_POINT('Origin',(5.9,80.9999999999997,-9.15933995315754E-15));
#5004=CARTESIAN_POINT('',(5.9,82.0999999999997,-1.22464679914733E-17));
#5005=CARTESIAN_POINT('Origin',(5.9,80.9999999999997,1.22464679914736E-16));
#5006=CARTESIAN_POINT('Origin',(3.25,96.9999999999997,1.03403659635905E-18));
#5007=CARTESIAN_POINT('',(6.5,98.0999999999997,1.35745184502568E-16));
#5008=CARTESIAN_POINT('',(3.25,98.0999999999997,1.35745184502568E-16));
#5009=CARTESIAN_POINT('Origin',(6.5,96.9999999999997,1.03403659635905E-18));
#5010=CARTESIAN_POINT('Origin',(3.25,80.9999999999997,1.22464679914736E-16));
#5011=CARTESIAN_POINT('',(6.5,82.0999999999997,2.57175827820944E-16));
#5012=CARTESIAN_POINT('',(3.25,82.0999999999997,2.57175827820944E-16));
#5013=CARTESIAN_POINT('Origin',(6.5,80.9999999999997,1.22464679914736E-16));
#5014=CARTESIAN_POINT('Origin',(3.25,96.9999999999997,1.03403659635905E-18));
#5015=CARTESIAN_POINT('',(3.6,98.0999999999997,1.35745184502568E-16));
#5016=CARTESIAN_POINT('Origin',(3.6,96.9999999999997,1.03403659635905E-18));
#5017=CARTESIAN_POINT('',(3.25,98.0999999999997,1.35745184502568E-16));
#5018=CARTESIAN_POINT('Origin',(6.5,96.9999999999997,1.03403659635905E-18));
#5019=CARTESIAN_POINT('Origin',(3.25,80.9999999999997,1.22464679914736E-16));
#5020=CARTESIAN_POINT('',(3.6,82.0999999999997,2.57175827820944E-16));
#5021=CARTESIAN_POINT('Origin',(3.6,80.9999999999997,1.22464679914736E-16));
#5022=CARTESIAN_POINT('',(3.25,82.0999999999997,2.57175827820944E-16));
#5023=CARTESIAN_POINT('Origin',(6.5,80.9999999999997,1.22464679914736E-16));
#5024=CARTESIAN_POINT('Origin',(0.,77.4999999999997,-3.6));
#5025=CARTESIAN_POINT('',(4.35,86.0999999999997,-3.6));
#5026=CARTESIAN_POINT('',(4.35,87.5999999999997,-3.6));
#5027=CARTESIAN_POINT('Origin',(4.35,86.8499999999997,-3.6));
#5028=CARTESIAN_POINT('',(3.6,87.5999999999997,-3.6));
#5029=CARTESIAN_POINT('',(1.8,87.5999999999997,-3.6));
#5030=CARTESIAN_POINT('',(3.6,88.0999999999997,-3.6));
#5031=CARTESIAN_POINT('',(3.6,38.7499999999997,-3.6));
#5032=CARTESIAN_POINT('',(4.35,88.0999999999997,-3.6));
#5033=CARTESIAN_POINT('',(1.8,88.0999999999997,-3.6));
#5034=CARTESIAN_POINT('',(4.35,89.5999999999997,-3.6));
#5035=CARTESIAN_POINT('Origin',(4.35,88.8499999999997,-3.6));
#5036=CARTESIAN_POINT('',(3.6,89.5999999999997,-3.6));
#5037=CARTESIAN_POINT('',(1.8,89.5999999999997,-3.6));
#5038=CARTESIAN_POINT('',(3.6,90.0999999999997,-3.6));
#5039=CARTESIAN_POINT('',(3.6,38.7499999999997,-3.6));
#5040=CARTESIAN_POINT('',(4.35,90.0999999999997,-3.6));
#5041=CARTESIAN_POINT('',(1.8,90.0999999999997,-3.6));
#5042=CARTESIAN_POINT('',(4.35,91.5999999999997,-3.6));
#5043=CARTESIAN_POINT('Origin',(4.35,90.8499999999997,-3.6));
#5044=CARTESIAN_POINT('',(3.6,91.5999999999997,-3.6));
#5045=CARTESIAN_POINT('',(1.8,91.5999999999997,-3.6));
#5046=CARTESIAN_POINT('',(3.6,92.0999999999997,-3.6));
#5047=CARTESIAN_POINT('',(3.6,38.7499999999997,-3.6));
#5048=CARTESIAN_POINT('',(4.35,92.0999999999997,-3.6));
#5049=CARTESIAN_POINT('',(1.8,92.0999999999997,-3.6));
#5050=CARTESIAN_POINT('',(4.35,93.5999999999997,-3.6));
#5051=CARTESIAN_POINT('Origin',(4.35,92.8499999999997,-3.6));
#5052=CARTESIAN_POINT('',(3.6,93.5999999999997,-3.6));
#5053=CARTESIAN_POINT('',(1.8,93.5999999999997,-3.6));
#5054=CARTESIAN_POINT('',(3.6,98.4999999999997,-3.6));
#5055=CARTESIAN_POINT('',(3.6,38.7499999999997,-3.6));
#5056=CARTESIAN_POINT('',(0.,98.4999999999997,-3.6));
#5057=CARTESIAN_POINT('',(0.,98.4999999999997,-3.6));
#5058=CARTESIAN_POINT('',(0.,79.4999999999997,-3.6));
#5059=CARTESIAN_POINT('',(0.,38.7499999999997,-3.6));
#5060=CARTESIAN_POINT('',(3.6,79.4999999999997,-3.6));
#5061=CARTESIAN_POINT('',(0.,79.4999999999997,-3.6));
#5062=CARTESIAN_POINT('',(3.6,86.0999999999997,-3.6));
#5063=CARTESIAN_POINT('',(3.6,38.7499999999997,-3.6));
#5064=CARTESIAN_POINT('',(1.8,86.0999999999997,-3.6));
#5065=CARTESIAN_POINT('Origin',(0.,100.5,3.6));
#5066=CARTESIAN_POINT('',(4.35,87.5999999999997,3.6));
#5067=CARTESIAN_POINT('',(4.35,86.0999999999997,3.6));
#5068=CARTESIAN_POINT('Origin',(4.35,86.8499999999997,3.6));
#5069=CARTESIAN_POINT('',(3.6,86.0999999999997,3.6));
#5070=CARTESIAN_POINT('',(1.8,86.0999999999997,3.6));
#5071=CARTESIAN_POINT('',(3.6,79.4999999999997,3.6));
#5072=CARTESIAN_POINT('',(3.6,50.2499999999997,3.6));
#5073=CARTESIAN_POINT('',(0.,79.4999999999997,3.6));
#5074=CARTESIAN_POINT('',(0.,79.4999999999997,3.6));
#5075=CARTESIAN_POINT('',(0.,98.4999999999997,3.6));
#5076=CARTESIAN_POINT('',(0.,50.2499999999997,3.6));
#5077=CARTESIAN_POINT('',(3.6,98.4999999999997,3.6));
#5078=CARTESIAN_POINT('',(0.,98.4999999999997,3.6));
#5079=CARTESIAN_POINT('',(3.6,93.5999999999997,3.6));
#5080=CARTESIAN_POINT('',(3.6,50.2499999999997,3.6));
#5081=CARTESIAN_POINT('',(4.35,93.5999999999997,3.6));
#5082=CARTESIAN_POINT('',(1.8,93.5999999999997,3.6));
#5083=CARTESIAN_POINT('',(4.35,92.0999999999997,3.6));
#5084=CARTESIAN_POINT('Origin',(4.35,92.8499999999997,3.6));
#5085=CARTESIAN_POINT('',(3.6,92.0999999999997,3.6));
#5086=CARTESIAN_POINT('',(1.8,92.0999999999997,3.6));
#5087=CARTESIAN_POINT('',(3.6,91.5999999999997,3.6));
#5088=CARTESIAN_POINT('',(3.6,50.2499999999997,3.6));
#5089=CARTESIAN_POINT('',(4.35,91.5999999999997,3.6));
#5090=CARTESIAN_POINT('',(1.8,91.5999999999997,3.6));
#5091=CARTESIAN_POINT('',(4.35,90.0999999999997,3.6));
#5092=CARTESIAN_POINT('Origin',(4.35,90.8499999999997,3.6));
#5093=CARTESIAN_POINT('',(3.6,90.0999999999997,3.6));
#5094=CARTESIAN_POINT('',(1.8,90.0999999999997,3.6));
#5095=CARTESIAN_POINT('',(3.6,89.5999999999997,3.6));
#5096=CARTESIAN_POINT('',(3.6,50.2499999999997,3.6));
#5097=CARTESIAN_POINT('',(4.35,89.5999999999997,3.6));
#5098=CARTESIAN_POINT('',(1.8,89.5999999999997,3.6));
#5099=CARTESIAN_POINT('',(4.35,88.0999999999997,3.6));
#5100=CARTESIAN_POINT('Origin',(4.35,88.8499999999997,3.6));
#5101=CARTESIAN_POINT('',(3.6,88.0999999999997,3.6));
#5102=CARTESIAN_POINT('',(1.8,88.0999999999997,3.6));
#5103=CARTESIAN_POINT('',(3.6,87.5999999999997,3.6));
#5104=CARTESIAN_POINT('',(3.6,50.2499999999997,3.6));
#5105=CARTESIAN_POINT('',(1.8,87.5999999999997,3.6));
#5106=CARTESIAN_POINT('Origin',(3.6,90.0999999999997,3.5));
#5107=CARTESIAN_POINT('',(4.35,90.0999999999997,1.75));
#5108=CARTESIAN_POINT('',(3.6,90.0999999999997,1.75000000000001));
#5109=CARTESIAN_POINT('Origin',(3.6,88.0999999999997,3.5));
#5110=CARTESIAN_POINT('',(4.35,88.0999999999997,1.75));
#5111=CARTESIAN_POINT('',(3.6,88.0999999999997,1.75000000000001));
#5112=CARTESIAN_POINT('Origin',(4.35,92.8499999999997,-1.75));
#5113=CARTESIAN_POINT('',(4.35,93.5999999999997,-1.75));
#5114=CARTESIAN_POINT('',(4.35,92.0999999999997,1.75));
#5115=CARTESIAN_POINT('Origin',(3.6,93.5999999999997,-3.5));
#5116=CARTESIAN_POINT('',(3.6,93.5999999999997,-1.74999999999999));
#5117=CARTESIAN_POINT('Origin',(4.35,90.8499999999997,-1.75));
#5118=CARTESIAN_POINT('',(4.35,91.5999999999997,-1.75));
#5119=CARTESIAN_POINT('Origin',(3.6,91.5999999999997,-3.5));
#5120=CARTESIAN_POINT('',(3.6,91.5999999999997,-1.74999999999999));
#5121=CARTESIAN_POINT('Origin',(4.35,88.8499999999997,-1.75));
#5122=CARTESIAN_POINT('',(4.35,89.5999999999997,-1.75));
#5123=CARTESIAN_POINT('Origin',(3.6,89.5999999999997,-3.5));
#5124=CARTESIAN_POINT('',(3.6,89.5999999999997,-1.74999999999999));
#5125=CARTESIAN_POINT('Origin',(4.35,86.8499999999997,-1.75));
#5126=CARTESIAN_POINT('',(4.35,87.5999999999997,-1.75));
#5127=CARTESIAN_POINT('',(4.35,86.0999999999997,1.75));
#5128=CARTESIAN_POINT('Origin',(3.6,92.0999999999997,3.5));
#5129=CARTESIAN_POINT('',(3.6,92.0999999999997,1.75000000000001));
#5130=CARTESIAN_POINT('Origin',(3.6,87.5999999999997,-3.5));
#5131=CARTESIAN_POINT('',(3.6,87.5999999999997,-1.74999999999999));
#5132=CARTESIAN_POINT('Origin',(3.6,86.0999999999997,3.5));
#5133=CARTESIAN_POINT('',(3.6,86.0999999999997,1.75000000000001));
#5134=CARTESIAN_POINT('Origin',(3.6,-3.19744231092045E-13,2.66453525910038E-14));
#5135=CARTESIAN_POINT('',(3.6,100.6,1.5));
#5136=CARTESIAN_POINT('Origin',(3.6,98.4999999999997,1.5));
#5137=CARTESIAN_POINT('',(3.6,100.6,-1.5));
#5138=CARTESIAN_POINT('',(3.6,100.6,-1.74999999999999));
#5139=CARTESIAN_POINT('Origin',(3.6,98.4999999999997,-1.5));
#5140=CARTESIAN_POINT('Origin',(3.6,-3.19744231092045E-13,2.66453525910038E-14));
#5141=CARTESIAN_POINT('Origin',(3.6,-3.19744231092045E-13,2.66453525910038E-14));
#5142=CARTESIAN_POINT('Origin',(3.6,-3.19744231092045E-13,2.66453525910038E-14));
#5143=CARTESIAN_POINT('',(3.6,77.3999999999997,-1.5));
#5144=CARTESIAN_POINT('Origin',(3.6,79.4999999999997,-1.5));
#5145=CARTESIAN_POINT('',(3.6,77.3999999999997,1.5));
#5146=CARTESIAN_POINT('',(3.6,77.3999999999997,1.75000000000001));
#5147=CARTESIAN_POINT('Origin',(3.6,79.4999999999997,1.5));
#5148=CARTESIAN_POINT('Origin',(0.,79.4999999999997,-1.5));
#5149=CARTESIAN_POINT('',(0.,77.3999999999997,-1.5));
#5150=CARTESIAN_POINT('Origin',(0.,79.4999999999997,-1.5));
#5151=CARTESIAN_POINT('',(0.,77.3999999999997,-1.5));
#5152=CARTESIAN_POINT('Origin',(0.,79.4999999999997,1.5));
#5153=CARTESIAN_POINT('',(0.,77.3999999999997,1.5));
#5154=CARTESIAN_POINT('',(0.,77.3999999999997,1.5));
#5155=CARTESIAN_POINT('Origin',(0.,79.4999999999997,1.5));
#5156=CARTESIAN_POINT('Origin',(0.,98.4999999999997,1.5));
#5157=CARTESIAN_POINT('',(0.,100.6,1.5));
#5158=CARTESIAN_POINT('Origin',(0.,98.4999999999997,1.5));
#5159=CARTESIAN_POINT('',(0.,100.6,1.5));
#5160=CARTESIAN_POINT('Origin',(0.,98.4999999999997,-1.5));
#5161=CARTESIAN_POINT('',(0.,100.6,-1.5));
#5162=CARTESIAN_POINT('',(0.,100.6,-1.5));
#5163=CARTESIAN_POINT('Origin',(0.,98.4999999999997,-1.5));
#5164=CARTESIAN_POINT('Origin',(0.,100.6,-3.5));
#5165=CARTESIAN_POINT('',(0.,100.6,-1.74999999999998));
#5166=CARTESIAN_POINT('Origin',(0.,77.3999999999997,3.5));
#5167=CARTESIAN_POINT('',(0.,77.3999999999997,1.75000000000002));
#5168=CARTESIAN_POINT('Origin',(3.6,-3.19744231092045E-13,2.66453525910038E-14));
#5169=CARTESIAN_POINT('Origin',(3.25,65.4999999999997,-3.33066907387547E-15));
#5170=CARTESIAN_POINT('',(3.35,65.4999999999997,-2.5));
#5171=CARTESIAN_POINT('Origin',(3.35,65.4999999999997,-3.33066907387547E-15));
#5172=CARTESIAN_POINT('',(5.35,65.4999999999997,-2.5));
#5173=CARTESIAN_POINT('',(3.25,65.4999999999997,-2.5));
#5174=CARTESIAN_POINT('Origin',(5.35,65.4999999999997,-3.33066907387547E-15));
#5175=CARTESIAN_POINT('Origin',(5.35,65.4999999999997,-3.33066907387547E-15));
#5176=CARTESIAN_POINT('',(5.35,65.4999999999997,-1.55));
#5177=CARTESIAN_POINT('Origin',(5.35,65.4999999999997,-3.60822483003176E-15));
#5178=CARTESIAN_POINT('Origin',(3.25,-74.5000000000003,2.22044604925031E-15));
#5179=CARTESIAN_POINT('',(3.35,-74.5000000000003,-2.5));
#5180=CARTESIAN_POINT('Origin',(3.35,-74.5000000000003,2.22044604925031E-15));
#5181=CARTESIAN_POINT('',(5.35,-74.5000000000003,-2.5));
#5182=CARTESIAN_POINT('',(3.25,-74.5000000000003,-2.5));
#5183=CARTESIAN_POINT('Origin',(5.35,-74.5000000000003,2.22044604925031E-15));
#5184=CARTESIAN_POINT('Origin',(5.35,-74.5000000000003,2.22044604925031E-15));
#5185=CARTESIAN_POINT('',(5.35,-74.5000000000003,-1.55));
#5186=CARTESIAN_POINT('Origin',(5.35,-74.5000000000003,8.32667268468867E-16));
#5187=CARTESIAN_POINT('Origin',(3.,-64.5000000000003,-6.60000000000002));
#5188=CARTESIAN_POINT('',(0.,-84.6000000000003,-6.60000000000002));
#5189=CARTESIAN_POINT('',(0.,-64.4000000000003,-6.60000000000002));
#5190=CARTESIAN_POINT('',(0.,-32.2500000000003,-6.60000000000002));
#5191=CARTESIAN_POINT('',(3.35,-84.6000000000003,-6.60000000000002));
#5192=CARTESIAN_POINT('',(1.5,-84.6000000000003,-6.60000000000002));
#5193=CARTESIAN_POINT('',(3.35,-64.4000000000003,-6.60000000000002));
#5194=CARTESIAN_POINT('',(3.35,-69.5000000000003,-6.60000000000002));
#5195=CARTESIAN_POINT('',(1.5,-64.4000000000003,-6.60000000000002));
#5196=CARTESIAN_POINT('Origin',(3.,-84.5000000000003,6.60000000000006));
#5197=CARTESIAN_POINT('',(0.,-64.4000000000003,6.60000000000006));
#5198=CARTESIAN_POINT('',(0.,-84.6000000000003,6.60000000000006));
#5199=CARTESIAN_POINT('',(0.,-42.2500000000003,6.60000000000006));
#5200=CARTESIAN_POINT('',(3.35,-64.4000000000003,6.60000000000006));
#5201=CARTESIAN_POINT('',(1.5,-64.4000000000003,6.60000000000006));
#5202=CARTESIAN_POINT('',(3.35,-84.6000000000003,6.60000000000006));
#5203=CARTESIAN_POINT('',(3.35,-79.5000000000003,6.60000000000006));
#5204=CARTESIAN_POINT('',(1.5,-84.6000000000003,6.60000000000006));
#5205=CARTESIAN_POINT('Origin',(0.,-3.01980662698043E-13,3.10862446895044E-14));
#5206=CARTESIAN_POINT('',(0.,-102.5,-6.99999999999997));
#5207=CARTESIAN_POINT('',(0.,-99.5000000000003,-9.99999999999997));
#5208=CARTESIAN_POINT('Origin',(0.,-99.5000000000003,-6.99999999999997));
#5209=CARTESIAN_POINT('',(0.,-102.5,7.00000000000003));
#5210=CARTESIAN_POINT('',(0.,-102.5,10.));
#5211=CARTESIAN_POINT('',(0.,-99.5000000000003,10.));
#5212=CARTESIAN_POINT('Origin',(0.,-99.5000000000003,7.00000000000003));
#5213=CARTESIAN_POINT('',(0.,99.4999999999997,9.99999999999991));
#5214=CARTESIAN_POINT('',(0.,102.5,9.99999999999991));
#5215=CARTESIAN_POINT('',(0.,102.5,6.9999999999999));
#5216=CARTESIAN_POINT('Origin',(0.,99.4999999999997,6.99999999999991));
#5217=CARTESIAN_POINT('',(0.,102.5,-6.99999999999997));
#5218=CARTESIAN_POINT('',(0.,102.5,-9.99999999999996));
#5219=CARTESIAN_POINT('',(0.,99.4999999999997,-9.99999999999996));
#5220=CARTESIAN_POINT('Origin',(0.,99.4999999999996,-6.99999999999996));
#5221=CARTESIAN_POINT('',(0.,-102.5,-9.99999999999997));
#5222=CARTESIAN_POINT('',(0.,55.3999999999997,6.60000000000005));
#5223=CARTESIAN_POINT('',(0.,55.3999999999997,-6.60000000000003));
#5224=CARTESIAN_POINT('',(0.,55.3999999999997,1.75000000000001));
#5225=CARTESIAN_POINT('',(0.,75.5999999999997,-6.60000000000003));
#5226=CARTESIAN_POINT('',(0.,37.7499999999997,-6.60000000000003));
#5227=CARTESIAN_POINT('',(0.,75.5999999999997,6.60000000000005));
#5228=CARTESIAN_POINT('',(0.,75.5999999999997,-1.74999999999999));
#5229=CARTESIAN_POINT('',(0.,27.7499999999997,6.60000000000005));
#5230=CARTESIAN_POINT('',(0.,-84.6000000000003,1.75000000000002));
#5231=CARTESIAN_POINT('',(0.,-64.4000000000003,-1.74999999999998));
#5232=CARTESIAN_POINT('Origin',(3.,75.4999999999997,-6.60000000000003));
#5233=CARTESIAN_POINT('',(3.35,55.3999999999997,-6.60000000000003));
#5234=CARTESIAN_POINT('',(1.5,55.3999999999997,-6.60000000000003));
#5235=CARTESIAN_POINT('',(3.35,75.5999999999997,-6.60000000000003));
#5236=CARTESIAN_POINT('',(3.35,70.4999999999997,-6.60000000000003));
#5237=CARTESIAN_POINT('',(1.5,75.5999999999997,-6.60000000000003));
#5238=CARTESIAN_POINT('Origin',(3.,55.4999999999997,6.60000000000005));
#5239=CARTESIAN_POINT('',(3.35,75.5999999999997,6.60000000000005));
#5240=CARTESIAN_POINT('',(1.5,75.5999999999997,6.60000000000005));
#5241=CARTESIAN_POINT('',(3.35,55.3999999999997,6.60000000000005));
#5242=CARTESIAN_POINT('',(3.35,60.4999999999997,6.60000000000005));
#5243=CARTESIAN_POINT('',(1.5,55.3999999999997,6.60000000000005));
#5244=CARTESIAN_POINT('Origin',(3.,65.4999999999997,-3.60822483003176E-15));
#5245=CARTESIAN_POINT('',(3.,65.4999999999997,-1.55));
#5246=CARTESIAN_POINT('Origin',(11.,65.4999999999997,-3.60822483003176E-15));
#5247=CARTESIAN_POINT('Origin',(3.,-74.5000000000003,8.32667268468867E-16));
#5248=CARTESIAN_POINT('',(3.,-74.5000000000003,-1.55));
#5249=CARTESIAN_POINT('Origin',(11.,-74.5000000000003,8.32667268468867E-16));
#5250=CARTESIAN_POINT('Origin',(0.,-64.4000000000003,-3.5));
#5251=CARTESIAN_POINT('',(3.35,-64.4000000000003,-1.75));
#5252=CARTESIAN_POINT('Origin',(0.,-84.6000000000003,3.5));
#5253=CARTESIAN_POINT('',(3.35,-84.6000000000003,1.75));
#5254=CARTESIAN_POINT('Origin',(3.35,-74.5000000000003,5.55111512312578E-16));
#5255=CARTESIAN_POINT('Origin',(0.,75.5999999999997,-3.5));
#5256=CARTESIAN_POINT('',(3.35,75.5999999999997,-1.75));
#5257=CARTESIAN_POINT('Origin',(0.,55.3999999999997,3.5));
#5258=CARTESIAN_POINT('',(3.35,55.3999999999997,1.75));
#5259=CARTESIAN_POINT('Origin',(3.35,65.4999999999997,-3.88578058618805E-15));
#5260=CARTESIAN_POINT('Origin',(0.,-99.5000000000003,-6.99999999999997));
#5261=CARTESIAN_POINT('',(40.,-99.5000000000003,-9.99999999999997));
#5262=CARTESIAN_POINT('',(40.,-102.5,-6.99999999999997));
#5263=CARTESIAN_POINT('Origin',(40.,-99.5000000000003,-6.99999999999997));
#5264=CARTESIAN_POINT('',(0.,-102.5,-6.99999999999997));
#5265=CARTESIAN_POINT('',(0.,-99.5000000000003,-9.99999999999997));
#5266=CARTESIAN_POINT('Origin',(0.,-102.5,10.));
#5267=CARTESIAN_POINT('',(40.,-102.5,7.00000000000003));
#5268=CARTESIAN_POINT('',(40.,-102.5,10.));
#5269=CARTESIAN_POINT('',(0.,-102.5,7.00000000000003));
#5270=CARTESIAN_POINT('Origin',(0.,-99.5000000000003,7.00000000000003));
#5271=CARTESIAN_POINT('',(40.,-99.5000000000003,10.));
#5272=CARTESIAN_POINT('Origin',(40.,-99.5000000000003,7.00000000000003));
#5273=CARTESIAN_POINT('',(0.,-99.5000000000003,10.));
#5274=CARTESIAN_POINT('Origin',(0.,99.4999999999996,-6.99999999999996));
#5275=CARTESIAN_POINT('',(40.,102.5,-6.99999999999997));
#5276=CARTESIAN_POINT('',(40.,99.4999999999997,-9.99999999999996));
#5277=CARTESIAN_POINT('Origin',(40.,99.4999999999996,-6.99999999999996));
#5278=CARTESIAN_POINT('',(0.,99.4999999999996,-9.99999999999996));
#5279=CARTESIAN_POINT('',(0.,102.5,-6.99999999999997));
#5280=CARTESIAN_POINT('Origin',(0.,102.5,-9.99999999999996));
#5281=CARTESIAN_POINT('',(40.,102.5,6.9999999999999));
#5282=CARTESIAN_POINT('',(0.,102.5,6.9999999999999));
#5283=CARTESIAN_POINT('',(40.,102.5,-9.99999999999996));
#5284=CARTESIAN_POINT('Origin',(0.,99.4999999999997,6.99999999999991));
#5285=CARTESIAN_POINT('',(40.,99.4999999999997,9.99999999999991));
#5286=CARTESIAN_POINT('Origin',(40.,99.4999999999997,6.99999999999991));
#5287=CARTESIAN_POINT('',(0.,99.4999999999997,9.99999999999991));
#5288=CARTESIAN_POINT('Origin',(0.,102.5,9.99999999999991));
#5289=CARTESIAN_POINT('',(40.,102.5,9.99999999999991));
#5290=CARTESIAN_POINT('Origin',(0.,-102.5,-9.99999999999997));
#5291=CARTESIAN_POINT('',(40.,-102.5,-9.99999999999997));
#5292=CARTESIAN_POINT('Origin',(40.,-3.01980662698043E-13,3.10862446895044E-14));
#5293=UNCERTAINTY_MEASURE_WITH_UNIT(LENGTH_MEASURE(0.01),#5297,
'DISTANCE_ACCURACY_VALUE',
'Maximum model space distance between geometric entities at asserted c
onnectivities');
#5294=UNCERTAINTY_MEASURE_WITH_UNIT(LENGTH_MEASURE(0.01),#5297,
'DISTANCE_ACCURACY_VALUE',
'Maximum model space distance between geometric entities at asserted c
onnectivities');
#5295=(
GEOMETRIC_REPRESENTATION_CONTEXT(3)
GLOBAL_UNCERTAINTY_ASSIGNED_CONTEXT((#5293))
GLOBAL_UNIT_ASSIGNED_CONTEXT((#5297,#5299,#5300))
REPRESENTATION_CONTEXT('','3D')
);
#5296=(
GEOMETRIC_REPRESENTATION_CONTEXT(3)
GLOBAL_UNCERTAINTY_ASSIGNED_CONTEXT((#5294))
GLOBAL_UNIT_ASSIGNED_CONTEXT((#5297,#5299,#5300))
REPRESENTATION_CONTEXT('','3D')
);
#5297=(
LENGTH_UNIT()
NAMED_UNIT(*)
SI_UNIT(.MILLI.,.METRE.)
);
#5298=(
LENGTH_UNIT()
NAMED_UNIT(*)
SI_UNIT($,.METRE.)
);
#5299=(
NAMED_UNIT(*)
PLANE_ANGLE_UNIT()
SI_UNIT($,.RADIAN.)
);
#5300=(
NAMED_UNIT(*)
SI_UNIT($,.STERADIAN.)
SOLID_ANGLE_UNIT()
);
#5301=SHAPE_DEFINITION_REPRESENTATION(#5302,#5303);
#5302=PRODUCT_DEFINITION_SHAPE('',$,#5305);
#5303=SHAPE_REPRESENTATION('',(#3105),#5295);
#5304=PRODUCT_DEFINITION_CONTEXT('part definition',#5309,'design');
#5305=PRODUCT_DEFINITION('2026-09-23-11-19-05-857','(Unsaved)',#5306,#5304);
#5306=PRODUCT_DEFINITION_FORMATION('',$,#5311);
#5307=PRODUCT_RELATED_PRODUCT_CATEGORY('(Unsaved)','(Unsaved)',(#5311));
#5308=APPLICATION_PROTOCOL_DEFINITION('international standard',
'automotive_design',2009,#5309);
#5309=APPLICATION_CONTEXT(
'Core Data for Automotive Mechanical Design Process');
#5310=PRODUCT_CONTEXT('part definition',#5309,'mechanical');
#5311=PRODUCT('2026-09-23-11-19-05-857','(Unsaved)',$,(#5310));
#5312=PRESENTATION_STYLE_ASSIGNMENT((#5313));
#5313=SURFACE_STYLE_USAGE(.BOTH.,#5314);
#5314=SURFACE_SIDE_STYLE('',(#5315));
#5315=SURFACE_STYLE_FILL_AREA(#5316);
#5316=FILL_AREA_STYLE('Steel - Satin',(#5317));
#5317=FILL_AREA_STYLE_COLOUR('Steel - Satin',#5318);
#5318=COLOUR_RGB('Steel - Satin',0.627450980392157,0.627450980392157,0.627450980392157);
ENDSEC;
END-ISO-10303-21;
